INSERT INTO Stelexos (ID_Stelexous,Name) VALUES ("3300000","David Coleman");
INSERT INTO Stelexos (ID_Stelexous,Name) VALUES ("3300001","Jennifer Adams");
INSERT INTO Stelexos (ID_Stelexous,Name) VALUES ("3300002","Connie Oconnor");
INSERT INTO Stelexos (ID_Stelexous,Name) VALUES ("3300003","Jonathon Williams");
INSERT INTO Stelexos (ID_Stelexous,Name) VALUES ("3300004","Hailey Brooks");
INSERT INTO Stelexos (ID_Stelexous,Name) VALUES ("3300005","Timothy Fox");
INSERT INTO Stelexos (ID_Stelexous,Name) VALUES ("3300006","Karina Odom");
INSERT INTO Stelexos (ID_Stelexous,Name) VALUES ("3300007","Andrew Ward");
INSERT INTO Stelexos (ID_Stelexous,Name) VALUES ("3300008","Frank Garcia DVM");
INSERT INTO Stelexos (ID_Stelexous,Name) VALUES ("3300009","Paul Edwards");
INSERT INTO Stelexos (ID_Stelexous,Name) VALUES ("3300010","Brittany Wiley");
INSERT INTO Stelexos (ID_Stelexous,Name) VALUES ("3300011","Denise Gonzalez");
INSERT INTO Stelexos (ID_Stelexous,Name) VALUES ("3300012","Paul Gordon");
INSERT INTO Stelexos (ID_Stelexous,Name) VALUES ("3300013","Tim Williams");
INSERT INTO Stelexos (ID_Stelexous,Name) VALUES ("3300014","Jennifer Pearson");
INSERT INTO Stelexos (ID_Stelexous,Name) VALUES ("3300015","Cory Reilly");
INSERT INTO Stelexos (ID_Stelexous,Name) VALUES ("3300016","Joshua Flores");
INSERT INTO Stelexos (ID_Stelexous,Name) VALUES ("3300017","David Smith");
INSERT INTO Stelexos (ID_Stelexous,Name) VALUES ("3300018","Donna Perez");
INSERT INTO Stelexos (ID_Stelexous,Name) VALUES ("3300019","Bonnie Bush");
INSERT INTO Stelexos (ID_Stelexous,Name) VALUES ("3300020","Jose Melton");
INSERT INTO Stelexos (ID_Stelexous,Name) VALUES ("3300021","Suzanne Watson");
INSERT INTO Stelexos (ID_Stelexous,Name) VALUES ("3300022","Elizabeth Smith");
INSERT INTO Stelexos (ID_Stelexous,Name) VALUES ("3300023","Juan Edwards");
INSERT INTO Stelexos (ID_Stelexous,Name) VALUES ("3300024","Joshua Phillips");
INSERT INTO Stelexos (ID_Stelexous,Name) VALUES ("3300025","Richard Diaz");
INSERT INTO Stelexos (ID_Stelexous,Name) VALUES ("3300026","Andre Clarke");
INSERT INTO Stelexos (ID_Stelexous,Name) VALUES ("3300027","Sandra Oneal");
INSERT INTO Stelexos (ID_Stelexous,Name) VALUES ("3300028","James Khan");
INSERT INTO Stelexos (ID_Stelexous,Name) VALUES ("3300029","Lance Villanueva");
INSERT INTO Stelexos (ID_Stelexous,Name) VALUES ("3300030","Kimberly Rhodes");
INSERT INTO Stelexos (ID_Stelexous,Name) VALUES ("3300031","Karla King");
INSERT INTO Stelexos (ID_Stelexous,Name) VALUES ("3300032","Frederick Poole");
INSERT INTO Stelexos (ID_Stelexous,Name) VALUES ("3300033","David Vasquez");
INSERT INTO Stelexos (ID_Stelexous,Name) VALUES ("3300034","Stephanie Rodriguez");
INSERT INTO Stelexos (ID_Stelexous,Name) VALUES ("3300035","Charles Byrd");
INSERT INTO Stelexos (ID_Stelexous,Name) VALUES ("3300036","James Thomas");
INSERT INTO Stelexos (ID_Stelexous,Name) VALUES ("3300037","Eric Banks");
INSERT INTO Stelexos (ID_Stelexous,Name) VALUES ("3300038","Dr. Kristen Perry");
INSERT INTO Stelexos (ID_Stelexous,Name) VALUES ("3300039","Alex Blake");
INSERT INTO Stelexos (ID_Stelexous,Name) VALUES ("3300040","Nicole Dunn");
INSERT INTO Stelexos (ID_Stelexous,Name) VALUES ("3300041","Bonnie Smith");
INSERT INTO Stelexos (ID_Stelexous,Name) VALUES ("3300042","Larry Foster");
INSERT INTO Stelexos (ID_Stelexous,Name) VALUES ("3300043","Desiree Harrison");
INSERT INTO Stelexos (ID_Stelexous,Name) VALUES ("3300044","Shelby Reyes");
INSERT INTO Stelexos (ID_Stelexous,Name) VALUES ("3300045","Jade Jenkins");
INSERT INTO Stelexos (ID_Stelexous,Name) VALUES ("3300046","Nicholas Thomas");
INSERT INTO Stelexos (ID_Stelexous,Name) VALUES ("3300047","Haley Vega");
INSERT INTO Stelexos (ID_Stelexous,Name) VALUES ("3300048","Ashley Richard");
INSERT INTO Stelexos (ID_Stelexous,Name) VALUES ("3300049","Tanya Morgan");
INSERT INTO Stelexos (ID_Stelexous,Name) VALUES ("3300050","Natalie Leonard");
INSERT INTO Stelexos (ID_Stelexous,Name) VALUES ("3300051","Raymond Boyd");
INSERT INTO Stelexos (ID_Stelexous,Name) VALUES ("3300052","David Perkins");
INSERT INTO Stelexos (ID_Stelexous,Name) VALUES ("3300053","Kelsey Gonzalez");
INSERT INTO Stelexos (ID_Stelexous,Name) VALUES ("3300054","Barbara Mitchell");
INSERT INTO Stelexos (ID_Stelexous,Name) VALUES ("3300055","Lauren Blake MD");
INSERT INTO Stelexos (ID_Stelexous,Name) VALUES ("3300056","Monique Johnson");
INSERT INTO Stelexos (ID_Stelexous,Name) VALUES ("3300057","Amy Hernandez");
INSERT INTO Stelexos (ID_Stelexous,Name) VALUES ("3300058","Samuel Price");
INSERT INTO Stelexos (ID_Stelexous,Name) VALUES ("3300059","Tara Davis");
INSERT INTO Stelexos (ID_Stelexous,Name) VALUES ("3300060","Jennifer Mason");
INSERT INTO Stelexos (ID_Stelexous,Name) VALUES ("3300061","Zachary Mcdowell");
INSERT INTO Stelexos (ID_Stelexous,Name) VALUES ("3300062","Christina Rice");
INSERT INTO Stelexos (ID_Stelexous,Name) VALUES ("3300063","Brittany Reyes");
INSERT INTO Stelexos (ID_Stelexous,Name) VALUES ("3300064","Dennis Hebert");
INSERT INTO Stelexos (ID_Stelexous,Name) VALUES ("3300065","Spencer Barber");
INSERT INTO Stelexos (ID_Stelexous,Name) VALUES ("3300066","Mrs. Angel Ford");
INSERT INTO Stelexos (ID_Stelexous,Name) VALUES ("3300067","Mark Davis");
INSERT INTO Stelexos (ID_Stelexous,Name) VALUES ("3300068","Ronald Harris");
INSERT INTO Stelexos (ID_Stelexous,Name) VALUES ("3300069","Lisa Gomez");
INSERT INTO Stelexos (ID_Stelexous,Name) VALUES ("3300070","Jason Sharp");
INSERT INTO Stelexos (ID_Stelexous,Name) VALUES ("3300071","Ashley Edwards");
INSERT INTO Stelexos (ID_Stelexous,Name) VALUES ("3300072","Matthew Gray");
INSERT INTO Stelexos (ID_Stelexous,Name) VALUES ("3300073","Amy Mcguire");
INSERT INTO Stelexos (ID_Stelexous,Name) VALUES ("3300074","Justin Young");
INSERT INTO Stelexos (ID_Stelexous,Name) VALUES ("3300075","Michael Flores");
INSERT INTO Stelexos (ID_Stelexous,Name) VALUES ("3300076","Sarah Ochoa");
INSERT INTO Stelexos (ID_Stelexous,Name) VALUES ("3300077","Sean Jones");
INSERT INTO Stelexos (ID_Stelexous,Name) VALUES ("3300078","Timothy Cox");
INSERT INTO Stelexos (ID_Stelexous,Name) VALUES ("3300079","Colleen Butler");
INSERT INTO Stelexos (ID_Stelexous,Name) VALUES ("3300080","Regina Steele");
INSERT INTO Stelexos (ID_Stelexous,Name) VALUES ("3300081","Connor Rogers");
INSERT INTO Stelexos (ID_Stelexous,Name) VALUES ("3300082","Virginia Malone");
INSERT INTO Stelexos (ID_Stelexous,Name) VALUES ("3300083","Lindsey Bell");
INSERT INTO Stelexos (ID_Stelexous,Name) VALUES ("3300084","Lindsay Ward");
INSERT INTO Stelexos (ID_Stelexous,Name) VALUES ("3300085","Kristen Wilkinson");
INSERT INTO Stelexos (ID_Stelexous,Name) VALUES ("3300086","Cynthia Porter");
INSERT INTO Stelexos (ID_Stelexous,Name) VALUES ("3300087","Carlos Kelly");
INSERT INTO Stelexos (ID_Stelexous,Name) VALUES ("3300088","Allen Mckenzie");
INSERT INTO Stelexos (ID_Stelexous,Name) VALUES ("3300089","Danny Gardner");
INSERT INTO Stelexos (ID_Stelexous,Name) VALUES ("3300090","Martin Williams");
INSERT INTO Stelexos (ID_Stelexous,Name) VALUES ("3300091","Carrie Martinez");
INSERT INTO Stelexos (ID_Stelexous,Name) VALUES ("3300092","Ernest Petersen");
INSERT INTO Stelexos (ID_Stelexous,Name) VALUES ("3300093","Bradley Brock");
INSERT INTO Stelexos (ID_Stelexous,Name) VALUES ("3300094","Timothy Cummings");
INSERT INTO Stelexos (ID_Stelexous,Name) VALUES ("3300095","Marcus Butler");
INSERT INTO Stelexos (ID_Stelexous,Name) VALUES ("3300096","Cindy Campbell");
INSERT INTO Stelexos (ID_Stelexous,Name) VALUES ("3300097","Crystal Mcbride");
INSERT INTO Stelexos (ID_Stelexous,Name) VALUES ("3300098","Heather Harmon");
INSERT INTO Stelexos (ID_Stelexous,Name) VALUES ("3300099","Jerry Ward");
INSERT INTO Program (Program_Address,Names) VALUES ("3500000","Parent building.");
INSERT INTO Program (Program_Address,Names) VALUES ("3500001","Road let least.");
INSERT INTO Program (Program_Address,Names) VALUES ("3500002","Tell clear decade.");
INSERT INTO Program (Program_Address,Names) VALUES ("3500003","Name affect require.");
INSERT INTO Program (Program_Address,Names) VALUES ("3500004","Doctor station bit.");
INSERT INTO Program (Program_Address,Names) VALUES ("3500005","So position.");
INSERT INTO Program (Program_Address,Names) VALUES ("3500006","Hit him Mrs heart.");
INSERT INTO Program (Program_Address,Names) VALUES ("3500007","Military quality.");
INSERT INTO Program (Program_Address,Names) VALUES ("3500008","Operation through.");
INSERT INTO Program (Program_Address,Names) VALUES ("3500009","Opportunity measure.");
INSERT INTO Program (Program_Address,Names) VALUES ("3500010","Area her enter.");
INSERT INTO Program (Program_Address,Names) VALUES ("3500011","Mouth result some.");
INSERT INTO Program (Program_Address,Names) VALUES ("3500012","Close structure.");
INSERT INTO Program (Program_Address,Names) VALUES ("3500013","Everything impact.");
INSERT INTO Program (Program_Address,Names) VALUES ("3500014","Record show.");
INSERT INTO Program (Program_Address,Names) VALUES ("3500015","Onto loss before.");
INSERT INTO Program (Program_Address,Names) VALUES ("3500016","Economy concern.");
INSERT INTO Program (Program_Address,Names) VALUES ("3500017","Always raise book.");
INSERT INTO Program (Program_Address,Names) VALUES ("3500018","Marriage truth.");
INSERT INTO Program (Program_Address,Names) VALUES ("3500019","Tax require appear.");
INSERT INTO Program (Program_Address,Names) VALUES ("3500020","Investment simple.");
INSERT INTO Program (Program_Address,Names) VALUES ("3500021","Any half any not.");
INSERT INTO Program (Program_Address,Names) VALUES ("3500022","Money figure.");
INSERT INTO Program (Program_Address,Names) VALUES ("3500023","International.");
INSERT INTO Program (Program_Address,Names) VALUES ("3500024","Newspaper deal.");
INSERT INTO Program (Program_Address,Names) VALUES ("3500025","Trouble guess.");
INSERT INTO Program (Program_Address,Names) VALUES ("3500026","Add age economic.");
INSERT INTO Program (Program_Address,Names) VALUES ("3500027","Record when.");
INSERT INTO Program (Program_Address,Names) VALUES ("3500028","Red score national.");
INSERT INTO Program (Program_Address,Names) VALUES ("3500029","Simple evidence.");
INSERT INTO Program (Program_Address,Names) VALUES ("3500030","Partner keep.");
INSERT INTO Program (Program_Address,Names) VALUES ("3500031","Foot happy machine.");
INSERT INTO Program (Program_Address,Names) VALUES ("3500032","Actually expert.");
INSERT INTO Program (Program_Address,Names) VALUES ("3500033","Ago these describe.");
INSERT INTO Program (Program_Address,Names) VALUES ("3500034","Dog step fall fire.");
INSERT INTO Program (Program_Address,Names) VALUES ("3500035","That where south.");
INSERT INTO Program (Program_Address,Names) VALUES ("3500036","Suggest general.");
INSERT INTO Program (Program_Address,Names) VALUES ("3500037","Score final answer.");
INSERT INTO Program (Program_Address,Names) VALUES ("3500038","Notice star in.");
INSERT INTO Program (Program_Address,Names) VALUES ("3500039","Nice risk on.");
INSERT INTO Program (Program_Address,Names) VALUES ("3500040","Father land ability.");
INSERT INTO Program (Program_Address,Names) VALUES ("3500041","Carry support no.");
INSERT INTO Program (Program_Address,Names) VALUES ("3500042","War true.");
INSERT INTO Program (Program_Address,Names) VALUES ("3500043","Do produce evidence.");
INSERT INTO Program (Program_Address,Names) VALUES ("3500044","More daughter.");
INSERT INTO Program (Program_Address,Names) VALUES ("3500045","Structure drive.");
INSERT INTO Program (Program_Address,Names) VALUES ("3500046","Discover bank move.");
INSERT INTO Program (Program_Address,Names) VALUES ("3500047","Collection or.");
INSERT INTO Program (Program_Address,Names) VALUES ("3500048","Choice Democrat.");
INSERT INTO Program (Program_Address,Names) VALUES ("3500049","Write deal half day.");
INSERT INTO Program (Program_Address,Names) VALUES ("3500050","Very share church.");
INSERT INTO Program (Program_Address,Names) VALUES ("3500051","Rate population.");
INSERT INTO Program (Program_Address,Names) VALUES ("3500052","Computer Republican.");
INSERT INTO Program (Program_Address,Names) VALUES ("3500053","Act decade painting.");
INSERT INTO Program (Program_Address,Names) VALUES ("3500054","Too interview cell.");
INSERT INTO Program (Program_Address,Names) VALUES ("3500055","Though somebody do.");
INSERT INTO Program (Program_Address,Names) VALUES ("3500056","Expect few early.");
INSERT INTO Program (Program_Address,Names) VALUES ("3500057","Article child skill.");
INSERT INTO Program (Program_Address,Names) VALUES ("3500058","Same how defense.");
INSERT INTO Program (Program_Address,Names) VALUES ("3500059","Religious loss.");
INSERT INTO Program (Program_Address,Names) VALUES ("3500060","Minute military.");
INSERT INTO Program (Program_Address,Names) VALUES ("3500061","Police note wall.");
INSERT INTO Program (Program_Address,Names) VALUES ("3500062","Major prove sure.");
INSERT INTO Program (Program_Address,Names) VALUES ("3500063","Despite personal.");
INSERT INTO Program (Program_Address,Names) VALUES ("3500064","Economic government.");
INSERT INTO Program (Program_Address,Names) VALUES ("3500065","Chance world rock.");
INSERT INTO Program (Program_Address,Names) VALUES ("3500066","Former might rise.");
INSERT INTO Program (Program_Address,Names) VALUES ("3500067","Still loss four.");
INSERT INTO Program (Program_Address,Names) VALUES ("3500068","Practice computer.");
INSERT INTO Program (Program_Address,Names) VALUES ("3500069","Reality thousand.");
INSERT INTO Program (Program_Address,Names) VALUES ("3500070","Pay raise area.");
INSERT INTO Program (Program_Address,Names) VALUES ("3500071","Hand majority sing.");
INSERT INTO Program (Program_Address,Names) VALUES ("3500072","Seem performance.");
INSERT INTO Program (Program_Address,Names) VALUES ("3500073","Begin worry ground.");
INSERT INTO Program (Program_Address,Names) VALUES ("3500074","Ground around.");
INSERT INTO Program (Program_Address,Names) VALUES ("3500075","Mission letter from.");
INSERT INTO Program (Program_Address,Names) VALUES ("3500076","Hope everything.");
INSERT INTO Program (Program_Address,Names) VALUES ("3500077","Story particularly.");
INSERT INTO Program (Program_Address,Names) VALUES ("3500078","Audience political.");
INSERT INTO Program (Program_Address,Names) VALUES ("3500079","Trouble claim.");
INSERT INTO Program (Program_Address,Names) VALUES ("3500080","Property hold buy.");
INSERT INTO Program (Program_Address,Names) VALUES ("3500081","Challenge bank.");
INSERT INTO Program (Program_Address,Names) VALUES ("3500082","Last impact account.");
INSERT INTO Program (Program_Address,Names) VALUES ("3500083","Behind ability bar.");
INSERT INTO Program (Program_Address,Names) VALUES ("3500084","Drug fear concern.");
INSERT INTO Program (Program_Address,Names) VALUES ("3500085","Though position.");
INSERT INTO Program (Program_Address,Names) VALUES ("3500086","Tough around source.");
INSERT INTO Program (Program_Address,Names) VALUES ("3500087","Enough wide.");
INSERT INTO Program (Program_Address,Names) VALUES ("3500088","Lose if also dinner.");
INSERT INTO Program (Program_Address,Names) VALUES ("3500089","Reflect station.");
INSERT INTO Program (Program_Address,Names) VALUES ("3500090","Continue power act.");
INSERT INTO Program (Program_Address,Names) VALUES ("3500091","Quality reveal none.");
INSERT INTO Program (Program_Address,Names) VALUES ("3500092","West how method.");
INSERT INTO Program (Program_Address,Names) VALUES ("3500093","Enjoy ask recent.");
INSERT INTO Program (Program_Address,Names) VALUES ("3500094","Stay likely because.");
INSERT INTO Program (Program_Address,Names) VALUES ("3500095","Including among us.");
INSERT INTO Program (Program_Address,Names) VALUES ("3500096","Occur adult of such.");
INSERT INTO Program (Program_Address,Names) VALUES ("3500097","Explain identify.");
INSERT INTO Program (Program_Address,Names) VALUES ("3500098","Few test music.");
INSERT INTO Program (Program_Address,Names) VALUES ("3500099","Ten glass word.");
INSERT INTO Axiologisi (ID_Axiologisis,Dates,Vathmos) VALUES ("1200053", "2019-07-05", "1.9703040544100336");
INSERT INTO Axiologisi (ID_Axiologisis,Dates,Vathmos) VALUES ("1200087", "2019-04-07", "3.0696185099746973");
INSERT INTO Axiologisi (ID_Axiologisis,Dates,Vathmos) VALUES ("1200021", "2019-10-07", "7.984271852244701");
INSERT INTO Axiologisi (ID_Axiologisis,Dates,Vathmos) VALUES ("1200020", "2020-04-13", "9.275290784202557");
INSERT INTO Axiologisi (ID_Axiologisis,Dates,Vathmos) VALUES ("1200070", "2022-04-30", "3.4832853398486052");
INSERT INTO Axiologisi (ID_Axiologisis,Dates,Vathmos) VALUES ("1200079", "2022-05-24", "1.150083753946367");
INSERT INTO Axiologisi (ID_Axiologisis,Dates,Vathmos) VALUES ("1200090", "2019-04-21", "8.450428075267212");
INSERT INTO Axiologisi (ID_Axiologisis,Dates,Vathmos) VALUES ("1200084", "2022-01-14", "7.457499110588117");
INSERT INTO Axiologisi (ID_Axiologisis,Dates,Vathmos) VALUES ("1200056", "2019-05-09", "4.800608517086022");
INSERT INTO Axiologisi (ID_Axiologisis,Dates,Vathmos) VALUES ("1200071", "2021-03-29", "5.424292233655379");
INSERT INTO Axiologisi (ID_Axiologisis,Dates,Vathmos) VALUES ("1200019", "2019-06-28", "6.138119941810553");
INSERT INTO Axiologisi (ID_Axiologisis,Dates,Vathmos) VALUES ("1200060", "2019-07-10", "3.2755070728668025");
INSERT INTO Axiologisi (ID_Axiologisis,Dates,Vathmos) VALUES ("1200037", "2019-07-02", "7.059345404743281");
INSERT INTO Axiologisi (ID_Axiologisis,Dates,Vathmos) VALUES ("1200083", "2019-05-21", "9.223150613723273");
INSERT INTO Axiologisi (ID_Axiologisis,Dates,Vathmos) VALUES ("1200024", "2020-07-29", "3.1396473352855168");
INSERT INTO Axiologisi (ID_Axiologisis,Dates,Vathmos) VALUES ("1200063", "2020-12-10", "7.934166366020126");
INSERT INTO Axiologisi (ID_Axiologisis,Dates,Vathmos) VALUES ("1200065", "2020-08-10", "7.668202125606619");
INSERT INTO Axiologisi (ID_Axiologisis,Dates,Vathmos) VALUES ("1200046", "2019-12-23", "5.196883645715814");
INSERT INTO Axiologisi (ID_Axiologisis,Dates,Vathmos) VALUES ("1200018", "2021-12-09", "0.5085114549637826");
INSERT INTO Axiologisi (ID_Axiologisis,Dates,Vathmos) VALUES ("1200030", "2020-08-19", "0.4244002147276693");
INSERT INTO Axiologisi (ID_Axiologisis,Dates,Vathmos) VALUES ("1200092", "2021-03-20", "3.387025869018494");
INSERT INTO Axiologisi (ID_Axiologisis,Dates,Vathmos) VALUES ("1200059", "2021-10-02", "8.448896648125505");
INSERT INTO Axiologisi (ID_Axiologisis,Dates,Vathmos) VALUES ("1200052", "2019-02-22", "5.274437165625297");
INSERT INTO Axiologisi (ID_Axiologisis,Dates,Vathmos) VALUES ("1200045", "2021-12-28", "8.518078261795889");
INSERT INTO Axiologisi (ID_Axiologisis,Dates,Vathmos) VALUES ("1200076", "2019-11-18", "0.47863834676188266");
INSERT INTO Axiologisi (ID_Axiologisis,Dates,Vathmos) VALUES ("1200006", "2020-07-14", "5.796229027978086");
INSERT INTO Axiologisi (ID_Axiologisis,Dates,Vathmos) VALUES ("1200095", "2019-03-11", "3.627333097103641");
INSERT INTO Axiologisi (ID_Axiologisis,Dates,Vathmos) VALUES ("1200049", "2019-12-05", "3.5626382891216712");
INSERT INTO Axiologisi (ID_Axiologisis,Dates,Vathmos) VALUES ("1200003", "2020-04-05", "2.7408232867396376");
INSERT INTO Axiologisi (ID_Axiologisis,Dates,Vathmos) VALUES ("1200035", "2021-03-10", "6.8328827777363434");
INSERT INTO Axiologisi (ID_Axiologisis,Dates,Vathmos) VALUES ("1200094", "2021-10-05", "3.596186324985966");
INSERT INTO Axiologisi (ID_Axiologisis,Dates,Vathmos) VALUES ("1200097", "2020-08-16", "5.02938784333943");
INSERT INTO Axiologisi (ID_Axiologisis,Dates,Vathmos) VALUES ("1200029", "2020-12-13", "8.343146054730422");
INSERT INTO Axiologisi (ID_Axiologisis,Dates,Vathmos) VALUES ("1200026", "2020-10-10", "5.126493057223655");
INSERT INTO Axiologisi (ID_Axiologisis,Dates,Vathmos) VALUES ("1200025", "2019-05-06", "4.456252335202886");
INSERT INTO Axiologisi (ID_Axiologisis,Dates,Vathmos) VALUES ("1200099", "2020-06-12", "5.896083002366649");
INSERT INTO Axiologisi (ID_Axiologisis,Dates,Vathmos) VALUES ("1200080", "2019-10-30", "0.8036813571065149");
INSERT INTO Axiologisi (ID_Axiologisis,Dates,Vathmos) VALUES ("1200040", "2021-03-02", "7.723524403912483");
INSERT INTO Axiologisi (ID_Axiologisis,Dates,Vathmos) VALUES ("1200062", "2021-09-26", "1.3574368417725047");
INSERT INTO Axiologisi (ID_Axiologisis,Dates,Vathmos) VALUES ("1200073", "2019-06-13", "4.091258119810057");
INSERT INTO Axiologisi (ID_Axiologisis,Dates,Vathmos) VALUES ("1200001", "2020-07-19", "6.838546635467314");
INSERT INTO Axiologisi (ID_Axiologisis,Dates,Vathmos) VALUES ("1200008", "2020-09-29", "4.88672153978133");
INSERT INTO Axiologisi (ID_Axiologisis,Dates,Vathmos) VALUES ("1200082", "2019-06-30", "5.498856013082021");
INSERT INTO Axiologisi (ID_Axiologisis,Dates,Vathmos) VALUES ("1200057", "2019-06-11", "8.379068202121847");
INSERT INTO Axiologisi (ID_Axiologisis,Dates,Vathmos) VALUES ("1200044", "2020-01-29", "8.881064651071535");
INSERT INTO Axiologisi (ID_Axiologisis,Dates,Vathmos) VALUES ("1200033", "2020-09-23", "8.064207679481662");
INSERT INTO Axiologisi (ID_Axiologisis,Dates,Vathmos) VALUES ("1200000", "2021-06-06", "7.554322104739077");
INSERT INTO Axiologisi (ID_Axiologisis,Dates,Vathmos) VALUES ("1200050", "2021-08-30", "8.107419023813282");
INSERT INTO Axiologisi (ID_Axiologisis,Dates,Vathmos) VALUES ("1200069", "2021-12-11", "8.720992884318862");
INSERT INTO Axiologisi (ID_Axiologisis,Dates,Vathmos) VALUES ("1200043", "2021-06-21", "8.809965504647835");
INSERT INTO Axiologisi (ID_Axiologisis,Dates,Vathmos) VALUES ("1200047", "2022-01-27", "1.0099426820669777");
INSERT INTO Axiologisi (ID_Axiologisis,Dates,Vathmos) VALUES ("1200036", "2019-07-15", "9.18464429641237");
INSERT INTO Axiologisi (ID_Axiologisis,Dates,Vathmos) VALUES ("1200042", "2020-12-20", "1.3854887558017859");
INSERT INTO Axiologisi (ID_Axiologisis,Dates,Vathmos) VALUES ("1200034", "2019-04-01", "0.7911813729514727");
INSERT INTO Axiologisi (ID_Axiologisis,Dates,Vathmos) VALUES ("1200066", "2020-06-19", "5.703755387953866");
INSERT INTO Axiologisi (ID_Axiologisis,Dates,Vathmos) VALUES ("1200061", "2019-08-07", "3.8108882283878467");
INSERT INTO Axiologisi (ID_Axiologisis,Dates,Vathmos) VALUES ("1200078", "2022-04-19", "9.040446408964728");
INSERT INTO Axiologisi (ID_Axiologisis,Dates,Vathmos) VALUES ("1200077", "2020-03-11", "8.2491616923962");
INSERT INTO Axiologisi (ID_Axiologisis,Dates,Vathmos) VALUES ("1200086", "2019-01-17", "6.363010593121218");
INSERT INTO Axiologisi (ID_Axiologisis,Dates,Vathmos) VALUES ("1200022", "2020-09-26", "1.4864834428317608");
INSERT INTO Axiologisi (ID_Axiologisis,Dates,Vathmos) VALUES ("1200091", "2019-07-15", "2.0408187983053794");
INSERT INTO Axiologisi (ID_Axiologisis,Dates,Vathmos) VALUES ("1200014", "2019-06-02", "9.689543357971157");
INSERT INTO Axiologisi (ID_Axiologisis,Dates,Vathmos) VALUES ("1200093", "2021-04-26", "6.60485077155624");
INSERT INTO Axiologisi (ID_Axiologisis,Dates,Vathmos) VALUES ("1200058", "2021-07-09", "8.878669843124573");
INSERT INTO Axiologisi (ID_Axiologisis,Dates,Vathmos) VALUES ("1200017", "2019-01-28", "4.980662686345569");
INSERT INTO Axiologisi (ID_Axiologisis,Dates,Vathmos) VALUES ("1200009", "2020-09-25", "3.3148875907438957");
INSERT INTO Axiologisi (ID_Axiologisis,Dates,Vathmos) VALUES ("1200088", "2020-09-28", "3.2487377489038938");
INSERT INTO Axiologisi (ID_Axiologisis,Dates,Vathmos) VALUES ("1200096", "2020-08-26", "6.436500800960285");
INSERT INTO Axiologisi (ID_Axiologisis,Dates,Vathmos) VALUES ("1200048", "2020-09-20", "9.456476165657122");
INSERT INTO Axiologisi (ID_Axiologisis,Dates,Vathmos) VALUES ("1200075", "2022-04-16", "9.122440701789404");
INSERT INTO Axiologisi (ID_Axiologisis,Dates,Vathmos) VALUES ("1200004", "2021-06-15", "3.31648663436917");
INSERT INTO Axiologisi (ID_Axiologisis,Dates,Vathmos) VALUES ("1200028", "2020-03-20", "7.966913371683831");
INSERT INTO Axiologisi (ID_Axiologisis,Dates,Vathmos) VALUES ("1200023", "2021-09-03", "0.27191244326053576");
INSERT INTO Axiologisi (ID_Axiologisis,Dates,Vathmos) VALUES ("1200055", "2019-09-27", "5.0951900366600364");
INSERT INTO Axiologisi (ID_Axiologisis,Dates,Vathmos) VALUES ("1200032", "2020-03-10", "0.49560767997064326");
INSERT INTO Axiologisi (ID_Axiologisis,Dates,Vathmos) VALUES ("1200013", "2021-12-12", "5.184643640182285");
INSERT INTO Axiologisi (ID_Axiologisis,Dates,Vathmos) VALUES ("1200039", "2021-12-26", "3.481155784973832");
INSERT INTO Axiologisi (ID_Axiologisis,Dates,Vathmos) VALUES ("1200011", "2019-09-25", "7.7065167713666884");
INSERT INTO Axiologisi (ID_Axiologisis,Dates,Vathmos) VALUES ("1200005", "2019-09-18", "2.982496263683241");
INSERT INTO Axiologisi (ID_Axiologisis,Dates,Vathmos) VALUES ("1200068", "2019-04-21", "3.563541555453471");
INSERT INTO Axiologisi (ID_Axiologisis,Dates,Vathmos) VALUES ("1200010", "2021-03-21", "9.606800726866883");
INSERT INTO Axiologisi (ID_Axiologisis,Dates,Vathmos) VALUES ("1200031", "2019-08-15", "6.289043814211306");
INSERT INTO Axiologisi (ID_Axiologisis,Dates,Vathmos) VALUES ("1200089", "2020-09-04", "4.854469071241086");
INSERT INTO Axiologisi (ID_Axiologisis,Dates,Vathmos) VALUES ("1200038", "2021-11-20", "3.348516477489026");
INSERT INTO Axiologisi (ID_Axiologisis,Dates,Vathmos) VALUES ("1200015", "2021-09-19", "4.448635983186567");
INSERT INTO Axiologisi (ID_Axiologisis,Dates,Vathmos) VALUES ("1200054", "2022-02-07", "2.5225026192980646");
INSERT INTO Axiologisi (ID_Axiologisis,Dates,Vathmos) VALUES ("1200041", "2021-06-26", "0.20922164932610454");
INSERT INTO Axiologisi (ID_Axiologisis,Dates,Vathmos) VALUES ("1200074", "2021-02-17", "5.316730263686385");
INSERT INTO Axiologisi (ID_Axiologisis,Dates,Vathmos) VALUES ("1200081", "2019-06-08", "1.209724245380629");
INSERT INTO Axiologisi (ID_Axiologisis,Dates,Vathmos) VALUES ("1200027", "2019-07-25", "2.0413617580159507");
INSERT INTO Axiologisi (ID_Axiologisis,Dates,Vathmos) VALUES ("1200051", "2021-09-14", "9.911962721923919");
INSERT INTO Axiologisi (ID_Axiologisis,Dates,Vathmos) VALUES ("1200072", "2022-05-29", "7.157726649712956");
INSERT INTO Axiologisi (ID_Axiologisis,Dates,Vathmos) VALUES ("1200012", "2020-08-16", "1.3952395712818821");
INSERT INTO Axiologisi (ID_Axiologisis,Dates,Vathmos) VALUES ("1200064", "2022-05-15", "5.511149529896281");
INSERT INTO Axiologisi (ID_Axiologisis,Dates,Vathmos) VALUES ("1200067", "2019-04-13", "0.7656660979190155");
INSERT INTO Axiologisi (ID_Axiologisis,Dates,Vathmos) VALUES ("1200098", "2019-04-23", "5.475355181576696");
INSERT INTO Axiologisi (ID_Axiologisis,Dates,Vathmos) VALUES ("1200007", "2019-03-27", "9.62015119825227");
INSERT INTO Axiologisi (ID_Axiologisis,Dates,Vathmos) VALUES ("1200002", "2020-01-04", "1.55828474682701");
INSERT INTO Axiologisi (ID_Axiologisis,Dates,Vathmos) VALUES ("1200016", "2020-10-19", "7.301924108681593");
INSERT INTO Axiologisi (ID_Axiologisis,Dates,Vathmos) VALUES ("1200085", "2020-03-22", "1.8630362643924536");
INSERT INTO Organization (ID_Organismou,Syntomografia,Name,Odos,City,Postal_Code) VALUES ("3100000", "PEB", "Play  expert  because.", "Matthew Keys39894", "Nicholeborough", "47973");
INSERT INTO Organization (ID_Organismou,Syntomografia,Name,Odos,City,Postal_Code) VALUES ("3100001", "TTW", "Test  there  win.", "Ronald Plaza15980", "West Christine", "97531");
INSERT INTO Organization (ID_Organismou,Syntomografia,Name,Odos,City,Postal_Code) VALUES ("3100002", "WJ", "Where  join.", "Michael Mill90431", "Daniellechester", "86647");
INSERT INTO Organization (ID_Organismou,Syntomografia,Name,Odos,City,Postal_Code) VALUES ("3100003", "FSE", "Fire  step  event.", "Dillon Gateway75338", "North Dawn", "73050");
INSERT INTO Organization (ID_Organismou,Syntomografia,Name,Odos,City,Postal_Code) VALUES ("3100004", "OTEE", "Off  they  enter  edge.", "Walter Road37368", "West Markton", "24500");
INSERT INTO Organization (ID_Organismou,Syntomografia,Name,Odos,City,Postal_Code) VALUES ("3100005", "CHR", "Class  hope  rich.", "Estes Plaza46795", "Wrightberg", "42627");
INSERT INTO Organization (ID_Organismou,Syntomografia,Name,Odos,City,Postal_Code) VALUES ("3100006", "HMO", "Hear  marriage  order.", "Larry Extensions60816", "Kennedyborough", "73259");
INSERT INTO Organization (ID_Organismou,Syntomografia,Name,Odos,City,Postal_Code) VALUES ("3100007", "PWF", "Pass  will  fight.", "Dixon Motorway54451", "Chandlerview", "98530");
INSERT INTO Organization (ID_Organismou,Syntomografia,Name,Odos,City,Postal_Code) VALUES ("3100008", "PD", "Performance  develop.", "Eaton Pine85596", "North Suzanneshire", "32806");
INSERT INTO Organization (ID_Organismou,Syntomografia,Name,Odos,City,Postal_Code) VALUES ("3100009", "CMD", "Coach  moment  deep.", "Walker Mountains84239", "Pamelabury", "43220");
INSERT INTO Organization (ID_Organismou,Syntomografia,Name,Odos,City,Postal_Code) VALUES ("3100010", "LRPA", "Life  rock  plant  act.", "Nelson Lodge14554", "Ayerstown", "25455");
INSERT INTO Organization (ID_Organismou,Syntomografia,Name,Odos,City,Postal_Code) VALUES ("3100011", "IND", "Increase  next  data.", "Timothy Drives26407", "Carolynport", "19001");
INSERT INTO Organization (ID_Organismou,Syntomografia,Name,Odos,City,Postal_Code) VALUES ("3100012", "AF", "Agent  final.", "Santos Road9047", "Hernandezville", "39727");
INSERT INTO Organization (ID_Organismou,Syntomografia,Name,Odos,City,Postal_Code) VALUES ("3100013", "CS", "Community  stuff.", "Brandon Views53331", "Matthewfurt", "17685");
INSERT INTO Organization (ID_Organismou,Syntomografia,Name,Odos,City,Postal_Code) VALUES ("3100014", "FIP", "From  item  purpose.", "Mitchell Glens13001", "Richardsonton", "15990");
INSERT INTO Organization (ID_Organismou,Syntomografia,Name,Odos,City,Postal_Code) VALUES ("3100015", "SW", "Significant  who.", "Martin Meadows88602", "Kyleburgh", "62272");
INSERT INTO Organization (ID_Organismou,Syntomografia,Name,Odos,City,Postal_Code) VALUES ("3100016", "PWH", "Place  west  how.", "Clark Flats97915", "Mariefurt", "51103");
INSERT INTO Organization (ID_Organismou,Syntomografia,Name,Odos,City,Postal_Code) VALUES ("3100017", "DW", "Direction  wear.", "Frank Isle85642", "Garnerport", "26187");
INSERT INTO Organization (ID_Organismou,Syntomografia,Name,Odos,City,Postal_Code) VALUES ("3100018", "ASS", "Age  someone  subject.", "Wilkins Common40239", "Adamsmouth", "51434");
INSERT INTO Organization (ID_Organismou,Syntomografia,Name,Odos,City,Postal_Code) VALUES ("3100019", "SCR", "Still  control  race.", "Marie Fort3145", "Housebury", "48592");
INSERT INTO Organization (ID_Organismou,Syntomografia,Name,Odos,City,Postal_Code) VALUES ("3100020", "PH", "Prepare  hundred.", "Jonathan Ranch47504", "Andrewland", "60579");
INSERT INTO Organization (ID_Organismou,Syntomografia,Name,Odos,City,Postal_Code) VALUES ("3100021", "TE", "Tonight  energy.", "Garcia Mountain10086", "North Toddport", "81409");
INSERT INTO Organization (ID_Organismou,Syntomografia,Name,Odos,City,Postal_Code) VALUES ("3100022", "SA", "Surface  agent.", "Jenkins Well2255", "Cortezfort", "25248");
INSERT INTO Organization (ID_Organismou,Syntomografia,Name,Odos,City,Postal_Code) VALUES ("3100023", "MSS", "Mrs  society  seek.", "Jackson Views62358", "Vaughnton", "24936");
INSERT INTO Organization (ID_Organismou,Syntomografia,Name,Odos,City,Postal_Code) VALUES ("3100024", "SLB", "Service  look  big.", "Phillips Land45911", "Millerchester", "28970");
INSERT INTO Organization (ID_Organismou,Syntomografia,Name,Odos,City,Postal_Code) VALUES ("3100025", "RB", "Region  building.", "Christian Garden13278", "Watsonhaven", "56793");
INSERT INTO Organization (ID_Organismou,Syntomografia,Name,Odos,City,Postal_Code) VALUES ("3100026", "BOE", "Brother  once  expect.", "Linda Points12856", "Susanshire", "65685");
INSERT INTO Organization (ID_Organismou,Syntomografia,Name,Odos,City,Postal_Code) VALUES ("3100027", "ER", "Everyone  reason.", "Kimberly Parks10449", "Laurafurt", "59288");
INSERT INTO Organization (ID_Organismou,Syntomografia,Name,Odos,City,Postal_Code) VALUES ("3100028", "PDL", "Policy  detail  laugh.", "Elliott Valley78065", "Lanehaven", "35769");
INSERT INTO Organization (ID_Organismou,Syntomografia,Name,Odos,City,Postal_Code) VALUES ("3100029", "OE", "Over  experience.", "Katelyn Course72463", "West Linda", "13838");
INSERT INTO Organization (ID_Organismou,Syntomografia,Name,Odos,City,Postal_Code) VALUES ("3100030", "GA", "Glass  another.", "Bowers Passage17006", "Caldwellville", "56403");
INSERT INTO Organization (ID_Organismou,Syntomografia,Name,Odos,City,Postal_Code) VALUES ("3100031", "SPO", "Sea  perform  of.", "Whitaker Way1392", "New James", "71834");
INSERT INTO Organization (ID_Organismou,Syntomografia,Name,Odos,City,Postal_Code) VALUES ("3100032", "ED", "Example  director.", "Austin Lodge47714", "Tanyahaven", "13087");
INSERT INTO Organization (ID_Organismou,Syntomografia,Name,Odos,City,Postal_Code) VALUES ("3100033", "PM", "Piece  marriage.", "Brandi Street36127", "Port Dawnchester", "19032");
INSERT INTO Organization (ID_Organismou,Syntomografia,Name,Odos,City,Postal_Code) VALUES ("3100034", "CCS", "Camera  couple  sing.", "Prince Walks56549", "Wilsonhaven", "54437");
INSERT INTO Organization (ID_Organismou,Syntomografia,Name,Odos,City,Postal_Code) VALUES ("3100035", "PNHF", "Pick  need  home  for.", "Douglas Junction60237", "Melodychester", "33685");
INSERT INTO Organization (ID_Organismou,Syntomografia,Name,Odos,City,Postal_Code) VALUES ("3100036", "AUM", "Anyone  usually  may.", "Smith Cliff42709", "Lake Sarahshire", "94602");
INSERT INTO Organization (ID_Organismou,Syntomografia,Name,Odos,City,Postal_Code) VALUES ("3100037", "PR", "Prove  research.", "Phelps Via6960", "Whitemouth", "70083");
INSERT INTO Organization (ID_Organismou,Syntomografia,Name,Odos,City,Postal_Code) VALUES ("3100038", "D", "Direction.", "Beth Common85979", "Sarahberg", "83344");
INSERT INTO Organization (ID_Organismou,Syntomografia,Name,Odos,City,Postal_Code) VALUES ("3100039", "PH", "Positive  hotel.", "Nelson Squares4720", "West William", "52916");
INSERT INTO Organization (ID_Organismou,Syntomografia,Name,Odos,City,Postal_Code) VALUES ("3100040", "MSP", "Meet  start  prevent.", "Moore Forks39756", "West Zacharystad", "10584");
INSERT INTO Organization (ID_Organismou,Syntomografia,Name,Odos,City,Postal_Code) VALUES ("3100041", "TMW", "Two  mother  what.", "Jason Summit83844", "New Daniel", "52950");
INSERT INTO Organization (ID_Organismou,Syntomografia,Name,Odos,City,Postal_Code) VALUES ("3100042", "LHWS", "Line  hear  war  stand.", "House Landing99628", "Ericbury", "40155");
INSERT INTO Organization (ID_Organismou,Syntomografia,Name,Odos,City,Postal_Code) VALUES ("3100043", "SD", "Summer  decision.", "Sandoval Hill82378", "Shawnhaven", "81925");
INSERT INTO Organization (ID_Organismou,Syntomografia,Name,Odos,City,Postal_Code) VALUES ("3100044", "ER", "Economic  reality.", "Garner Courts85131", "Port Anna", "75174");
INSERT INTO Organization (ID_Organismou,Syntomografia,Name,Odos,City,Postal_Code) VALUES ("3100045", "FT", "Former  third.", "Matthew Ramp94092", "Charlesmouth", "58644");
INSERT INTO Organization (ID_Organismou,Syntomografia,Name,Odos,City,Postal_Code) VALUES ("3100046", "FTC", "Finish  take  control.", "Morris Groves45008", "Bennetthaven", "79344");
INSERT INTO Organization (ID_Organismou,Syntomografia,Name,Odos,City,Postal_Code) VALUES ("3100047", "MDR", "Meet  dark  require.", "Smith Flats98937", "Port Eric", "75058");
INSERT INTO Organization (ID_Organismou,Syntomografia,Name,Odos,City,Postal_Code) VALUES ("3100048", "TIN", "Task  identify  never.", "Jacqueline Valleys77354", "Smithmouth", "37802");
INSERT INTO Organization (ID_Organismou,Syntomografia,Name,Odos,City,Postal_Code) VALUES ("3100049", "PMB", "Pull  military  back.", "Sarah Streets73279", "Josephborough", "79375");
INSERT INTO Organization (ID_Organismou,Syntomografia,Name,Odos,City,Postal_Code) VALUES ("3100050", "OAS", "Occur  already  staff.", "Darius Brooks70428", "Christopherland", "23399");
INSERT INTO Organization (ID_Organismou,Syntomografia,Name,Odos,City,Postal_Code) VALUES ("3100051", "AWT", "Amount  work  talk.", "Steven Street412", "Kennethview", "42987");
INSERT INTO Organization (ID_Organismou,Syntomografia,Name,Odos,City,Postal_Code) VALUES ("3100052", "LW", "Lead  window.", "Caroline Terrace63245", "East Angelaview", "39683");
INSERT INTO Organization (ID_Organismou,Syntomografia,Name,Odos,City,Postal_Code) VALUES ("3100053", "CSA", "Care  smile  above.", "Jessica Crest94481", "Bradleyburgh", "40040");
INSERT INTO Organization (ID_Organismou,Syntomografia,Name,Odos,City,Postal_Code) VALUES ("3100054", "FTFL", "Food  team  firm  live.", "Stone Pines52413", "Rhondamouth", "29071");
INSERT INTO Organization (ID_Organismou,Syntomografia,Name,Odos,City,Postal_Code) VALUES ("3100055", "SCB", "Star  case  believe.", "Robert Alley89355", "Davisport", "77414");
INSERT INTO Organization (ID_Organismou,Syntomografia,Name,Odos,City,Postal_Code) VALUES ("3100056", "CT", "Concern  truth.", "Valenzuela Square57362", "North Derrickbury", "20906");
INSERT INTO Organization (ID_Organismou,Syntomografia,Name,Odos,City,Postal_Code) VALUES ("3100057", "WAU", "Will  answer  us.", "Hurst Expressway68531", "East Joseph", "89111");
INSERT INTO Organization (ID_Organismou,Syntomografia,Name,Odos,City,Postal_Code) VALUES ("3100058", "QN", "Quality  necessary.", "Kristine Stravenue40434", "Michaelville", "89879");
INSERT INTO Organization (ID_Organismou,Syntomografia,Name,Odos,City,Postal_Code) VALUES ("3100059", "BFB", "Bring  from  bad.", "Smith Flat66285", "Port Michael", "31311");
INSERT INTO Organization (ID_Organismou,Syntomografia,Name,Odos,City,Postal_Code) VALUES ("3100060", "PYBM", "Price  you  baby  mind.", "Martinez Corner64197", "West Daniel", "38014");
INSERT INTO Organization (ID_Organismou,Syntomografia,Name,Odos,City,Postal_Code) VALUES ("3100061", "LMR", "Like  many  research.", "Price Ways58147", "Sandovalborough", "99215");
INSERT INTO Organization (ID_Organismou,Syntomografia,Name,Odos,City,Postal_Code) VALUES ("3100062", "PFE", "Personal  foot  event.", "Young Highway54161", "Youngport", "93130");
INSERT INTO Organization (ID_Organismou,Syntomografia,Name,Odos,City,Postal_Code) VALUES ("3100063", "RS", "Recognize  sign.", "Olsen Tunnel36155", "Kristafurt", "74142");
INSERT INTO Organization (ID_Organismou,Syntomografia,Name,Odos,City,Postal_Code) VALUES ("3100064", "FM", "Field  medical.", "Lawrence Gateway11943", "East Brianna", "65272");
INSERT INTO Organization (ID_Organismou,Syntomografia,Name,Odos,City,Postal_Code) VALUES ("3100065", "SC", "Set  chair.", "Brittany Point89673", "South Robert", "82916");
INSERT INTO Organization (ID_Organismou,Syntomografia,Name,Odos,City,Postal_Code) VALUES ("3100066", "WOC", "Writer  ok  current.", "Tina Rue47496", "Hammondshire", "68369");
INSERT INTO Organization (ID_Organismou,Syntomografia,Name,Odos,City,Postal_Code) VALUES ("3100067", "ETU", "Executive  total  us.", "Lori Lake37052", "Jacquelinefurt", "84176");
INSERT INTO Organization (ID_Organismou,Syntomografia,Name,Odos,City,Postal_Code) VALUES ("3100068", "WC", "Week  common.", "Boyd Mountain20616", "Brandyborough", "20401");
INSERT INTO Organization (ID_Organismou,Syntomografia,Name,Odos,City,Postal_Code) VALUES ("3100069", "DB", "Difference  bank.", "Emma Squares47821", "Nathanland", "64768");
INSERT INTO Organization (ID_Organismou,Syntomografia,Name,Odos,City,Postal_Code) VALUES ("3100070", "PPG", "Perform  police  gas.", "Cassandra Lakes62128", "North Jenna", "89905");
INSERT INTO Organization (ID_Organismou,Syntomografia,Name,Odos,City,Postal_Code) VALUES ("3100071", "WAM", "Writer  amount  may.", "William Spurs76193", "Lake Jessicaborough", "38506");
INSERT INTO Organization (ID_Organismou,Syntomografia,Name,Odos,City,Postal_Code) VALUES ("3100072", "RC", "Reflect  candidate.", "Andrew Curve82892", "Port Erichaven", "35189");
INSERT INTO Organization (ID_Organismou,Syntomografia,Name,Odos,City,Postal_Code) VALUES ("3100073", "TLR", "Turn  laugh  record.", "Sparks Camp57545", "West Jasmin", "82130");
INSERT INTO Organization (ID_Organismou,Syntomografia,Name,Odos,City,Postal_Code) VALUES ("3100074", "P", "Professional.", "Bradley Mount43323", "Rojasview", "88861");
INSERT INTO Organization (ID_Organismou,Syntomografia,Name,Odos,City,Postal_Code) VALUES ("3100075", "WEA", "Whose  enjoy  and.", "Johnson Circle93244", "West Marymouth", "47832");
INSERT INTO Organization (ID_Organismou,Syntomografia,Name,Odos,City,Postal_Code) VALUES ("3100076", "LSD", "Listen  seek  dog.", "Palmer Shore47337", "West Kaylaview", "47700");
INSERT INTO Organization (ID_Organismou,Syntomografia,Name,Odos,City,Postal_Code) VALUES ("3100077", "WA", "Western  author.", "Erica Keys45157", "Burkechester", "77299");
INSERT INTO Organization (ID_Organismou,Syntomografia,Name,Odos,City,Postal_Code) VALUES ("3100078", "AACA", "Along  along  cup  age.", "Shawn Coves416", "Hamiltonshire", "87387");
INSERT INTO Organization (ID_Organismou,Syntomografia,Name,Odos,City,Postal_Code) VALUES ("3100079", "SFUK", "Senior  from  up  keep.", "Long Forge38796", "Lake Brittany", "13164");
INSERT INTO Organization (ID_Organismou,Syntomografia,Name,Odos,City,Postal_Code) VALUES ("3100080", "FET", "Free  either  think.", "Crystal Loop43588", "New Lauren", "33420");
INSERT INTO Organization (ID_Organismou,Syntomografia,Name,Odos,City,Postal_Code) VALUES ("3100081", "CA", "Collection  a.", "Chandler Road49239", "Paulchester", "28465");
INSERT INTO Organization (ID_Organismou,Syntomografia,Name,Odos,City,Postal_Code) VALUES ("3100082", "TP", "Their  particular.", "Hammond Motorway19084", "Richardsonton", "37483");
INSERT INTO Organization (ID_Organismou,Syntomografia,Name,Odos,City,Postal_Code) VALUES ("3100083", "WH", "Whatever  home.", "Randall Falls43646", "Lake Cynthiashire", "13249");
INSERT INTO Organization (ID_Organismou,Syntomografia,Name,Odos,City,Postal_Code) VALUES ("3100084", "AIR", "Arrive  include  red.", "Adams Plains32324", "Lopezshire", "32600");
INSERT INTO Organization (ID_Organismou,Syntomografia,Name,Odos,City,Postal_Code) VALUES ("3100085", "NM", "Network  measure.", "Sharon Drive35223", "Stephanieshire", "54260");
INSERT INTO Organization (ID_Organismou,Syntomografia,Name,Odos,City,Postal_Code) VALUES ("3100086", "BRPW", "Before  risk  PM  we.", "Christian Loaf7989", "Meyerside", "13429");
INSERT INTO Organization (ID_Organismou,Syntomografia,Name,Odos,City,Postal_Code) VALUES ("3100087", "MI", "Miss  interesting.", "Jason Center20509", "Virginialand", "17441");
INSERT INTO Organization (ID_Organismou,Syntomografia,Name,Odos,City,Postal_Code) VALUES ("3100088", "TO", "Thousand  or.", "Carolyn Station3880", "Lake Tiffany", "18892");
INSERT INTO Organization (ID_Organismou,Syntomografia,Name,Odos,City,Postal_Code) VALUES ("3100089", "FWR", "Fall  without  raise.", "Christina Mill42950", "Powellmouth", "80414");
INSERT INTO Organization (ID_Organismou,Syntomografia,Name,Odos,City,Postal_Code) VALUES ("3100090", "ES", "Effect  style.", "Douglas Land12849", "New Michaelburgh", "67361");
INSERT INTO Organization (ID_Organismou,Syntomografia,Name,Odos,City,Postal_Code) VALUES ("3100091", "WAR", "Wait  ask  relate.", "Johns Glen30404", "Johnburgh", "61354");
INSERT INTO Organization (ID_Organismou,Syntomografia,Name,Odos,City,Postal_Code) VALUES ("3100092", "OSP", "Or  small  poor.", "Stephanie Squares55226", "Lake Loretta", "30874");
INSERT INTO Organization (ID_Organismou,Syntomografia,Name,Odos,City,Postal_Code) VALUES ("3100093", "CT", "Country  tough.", "Amanda Pine83431", "East Wendyhaven", "77187");
INSERT INTO Organization (ID_Organismou,Syntomografia,Name,Odos,City,Postal_Code) VALUES ("3100094", "SD", "Study  during.", "Ibarra Island53241", "Leefurt", "92812");
INSERT INTO Organization (ID_Organismou,Syntomografia,Name,Odos,City,Postal_Code) VALUES ("3100095", "AOC", "Ask  occur  class.", "Lisa Forks45202", "Calhounfort", "25899");
INSERT INTO Organization (ID_Organismou,Syntomografia,Name,Odos,City,Postal_Code) VALUES ("3100096", "BWB", "Bag  world  blue.", "Johnson Meadow92785", "Margarettown", "49278");
INSERT INTO Organization (ID_Organismou,Syntomografia,Name,Odos,City,Postal_Code) VALUES ("3100097", "AW", "Attention  want.", "Ryan Mission13006", "Joshuafurt", "95476");
INSERT INTO Organization (ID_Organismou,Syntomografia,Name,Odos,City,Postal_Code) VALUES ("3100098", "COL", "Current  others  line.", "Mccormick Unions53520", "Crawfordstad", "59734");
INSERT INTO Organization (ID_Organismou,Syntomografia,Name,Odos,City,Postal_Code) VALUES ("3100099", "TFM", "They  floor  method.", "Timothy Flat35826", "Daleshire", "65331");
INSERT INTO Epistimoniko_Pedio (Name_Science_Field,Code_anaforas) VALUES ("Flagship Projects", "0");
INSERT INTO Epistimoniko_Pedio (Name_Science_Field,Code_anaforas) VALUES ("Science and Society Projects", "1");
INSERT INTO Epistimoniko_Pedio (Name_Science_Field,Code_anaforas) VALUES ("Researchers / Faculty Members Projects", "2");
INSERT INTO Epistimoniko_Pedio (Name_Science_Field,Code_anaforas) VALUES ("Renewable Energy Sources", "3");
INSERT INTO Epistimoniko_Pedio (Name_Science_Field,Code_anaforas) VALUES ("Research Equipment Projects", "4");
INSERT INTO Epistimoniko_Pedio (Name_Science_Field,Code_anaforas) VALUES ("Postdoctoral Fellow Projects", "5");
INSERT INTO Epistimoniko_Pedio (Name_Science_Field,Code_anaforas) VALUES ("Doctoral Candidates Projects", "6");
INSERT INTO Researcher (ID_Ereuniti,ID_Organismou,First_Name,Last_Name,Gender,Date_Work_Relationship,Birth_Date) VALUES ("6100000", "3100015", "Alicia", "Smith", "Female", "2019-11-17", "1969-01-23");
INSERT INTO Researcher (ID_Ereuniti,ID_Organismou,First_Name,Last_Name,Gender,Date_Work_Relationship,Birth_Date) VALUES ("6100001", "3100076", "Summer", "Cortez", "Female", "2020-10-21", "2001-08-01");
INSERT INTO Researcher (ID_Ereuniti,ID_Organismou,First_Name,Last_Name,Gender,Date_Work_Relationship,Birth_Date) VALUES ("6100002", "3100063", "Sarah", "Martin", "Female", "2019-05-05", "1951-11-09");
INSERT INTO Researcher (ID_Ereuniti,ID_Organismou,First_Name,Last_Name,Gender,Date_Work_Relationship,Birth_Date) VALUES ("6100003", "3100088", "Kimberly", "Campbell", "Female", "2020-03-13", "1986-08-01");
INSERT INTO Researcher (ID_Ereuniti,ID_Organismou,First_Name,Last_Name,Gender,Date_Work_Relationship,Birth_Date) VALUES ("6100004", "3100079", "Suzanne", "Scott", "Female", "2021-09-16", "2000-11-22");
INSERT INTO Researcher (ID_Ereuniti,ID_Organismou,First_Name,Last_Name,Gender,Date_Work_Relationship,Birth_Date) VALUES ("6100005", "3100069", "Heather", "Stanley", "Female", "2018-10-16", "1953-12-04");
INSERT INTO Researcher (ID_Ereuniti,ID_Organismou,First_Name,Last_Name,Gender,Date_Work_Relationship,Birth_Date) VALUES ("6100006", "3100093", "Nichole", "Wade", "Female", "2020-06-26", "1963-04-02");
INSERT INTO Researcher (ID_Ereuniti,ID_Organismou,First_Name,Last_Name,Gender,Date_Work_Relationship,Birth_Date) VALUES ("6100007", "3100011", "Douglas", "Morgan", "Male", "2020-09-22", "1972-05-06");
INSERT INTO Researcher (ID_Ereuniti,ID_Organismou,First_Name,Last_Name,Gender,Date_Work_Relationship,Birth_Date) VALUES ("6100008", "3100093", "Jason", "Reese", "Male", "2022-02-02", "1996-12-11");
INSERT INTO Researcher (ID_Ereuniti,ID_Organismou,First_Name,Last_Name,Gender,Date_Work_Relationship,Birth_Date) VALUES ("6100009", "3100036", "Lindsey", "Allen", "Female", "2021-02-22", "1969-08-14");
INSERT INTO Researcher (ID_Ereuniti,ID_Organismou,First_Name,Last_Name,Gender,Date_Work_Relationship,Birth_Date) VALUES ("6100010", "3100027", "Erin", "Salinas", "Female", "2021-02-01", "1993-02-19");
INSERT INTO Researcher (ID_Ereuniti,ID_Organismou,First_Name,Last_Name,Gender,Date_Work_Relationship,Birth_Date) VALUES ("6100011", "3100066", "Michael", "Peterson", "Male", "2019-05-01", "1944-12-14");
INSERT INTO Researcher (ID_Ereuniti,ID_Organismou,First_Name,Last_Name,Gender,Date_Work_Relationship,Birth_Date) VALUES ("6100012", "3100086", "Michelle", "Macias", "Female", "2018-12-30", "1966-09-20");
INSERT INTO Researcher (ID_Ereuniti,ID_Organismou,First_Name,Last_Name,Gender,Date_Work_Relationship,Birth_Date) VALUES ("6100013", "3100060", "Michelle", "Kane", "Female", "2022-05-19", "1984-08-01");
INSERT INTO Researcher (ID_Ereuniti,ID_Organismou,First_Name,Last_Name,Gender,Date_Work_Relationship,Birth_Date) VALUES ("6100014", "3100091", "Angela", "Carter", "Female", "2022-03-31", "1949-07-12");
INSERT INTO Researcher (ID_Ereuniti,ID_Organismou,First_Name,Last_Name,Gender,Date_Work_Relationship,Birth_Date) VALUES ("6100015", "3100091", "Sandra", "Henson", "Female", "2020-10-24", "1977-10-29");
INSERT INTO Researcher (ID_Ereuniti,ID_Organismou,First_Name,Last_Name,Gender,Date_Work_Relationship,Birth_Date) VALUES ("6100016", "3100038", "Kevin", "Henderson", "Male", "2021-11-27", "1989-08-25");
INSERT INTO Researcher (ID_Ereuniti,ID_Organismou,First_Name,Last_Name,Gender,Date_Work_Relationship,Birth_Date) VALUES ("6100017", "3100013", "Tina", "Wright", "Female", "2019-11-29", "1981-04-04");
INSERT INTO Researcher (ID_Ereuniti,ID_Organismou,First_Name,Last_Name,Gender,Date_Work_Relationship,Birth_Date) VALUES ("6100018", "3100013", "Jennifer", "Miller", "Female", "2021-05-20", "1999-03-14");
INSERT INTO Researcher (ID_Ereuniti,ID_Organismou,First_Name,Last_Name,Gender,Date_Work_Relationship,Birth_Date) VALUES ("6100019", "3100063", "Melissa", "Baldwin", "Female", "2019-05-06", "1968-04-22");
INSERT INTO Researcher (ID_Ereuniti,ID_Organismou,First_Name,Last_Name,Gender,Date_Work_Relationship,Birth_Date) VALUES ("6100020", "3100052", "Andrew", "Buck", "Male", "2021-04-29", "1976-12-08");
INSERT INTO Researcher (ID_Ereuniti,ID_Organismou,First_Name,Last_Name,Gender,Date_Work_Relationship,Birth_Date) VALUES ("6100021", "3100060", "Kristine", "Fox", "Female", "2018-07-06", "1989-04-10");
INSERT INTO Researcher (ID_Ereuniti,ID_Organismou,First_Name,Last_Name,Gender,Date_Work_Relationship,Birth_Date) VALUES ("6100022", "3100044", "Lisa", "Hunter", "Female", "2020-03-12", "1947-05-04");
INSERT INTO Researcher (ID_Ereuniti,ID_Organismou,First_Name,Last_Name,Gender,Date_Work_Relationship,Birth_Date) VALUES ("6100023", "3100038", "Andrew", "Bush", "Male", "2019-10-21", "1980-09-09");
INSERT INTO Researcher (ID_Ereuniti,ID_Organismou,First_Name,Last_Name,Gender,Date_Work_Relationship,Birth_Date) VALUES ("6100024", "3100002", "Ryan", "Orozco", "Male", "2020-05-09", "2002-03-21");
INSERT INTO Researcher (ID_Ereuniti,ID_Organismou,First_Name,Last_Name,Gender,Date_Work_Relationship,Birth_Date) VALUES ("6100025", "3100063", "Carly", "Kelly", "Female", "2018-07-08", "1973-01-12");
INSERT INTO Researcher (ID_Ereuniti,ID_Organismou,First_Name,Last_Name,Gender,Date_Work_Relationship,Birth_Date) VALUES ("6100026", "3100019", "Nicole", "Bender", "Female", "2022-02-12", "1958-03-04");
INSERT INTO Researcher (ID_Ereuniti,ID_Organismou,First_Name,Last_Name,Gender,Date_Work_Relationship,Birth_Date) VALUES ("6100027", "3100005", "Maureen", "May", "Female", "2021-10-03", "1952-10-13");
INSERT INTO Researcher (ID_Ereuniti,ID_Organismou,First_Name,Last_Name,Gender,Date_Work_Relationship,Birth_Date) VALUES ("6100028", "3100015", "Stacey", "Sims", "Female", "2020-12-20", "1984-09-14");
INSERT INTO Researcher (ID_Ereuniti,ID_Organismou,First_Name,Last_Name,Gender,Date_Work_Relationship,Birth_Date) VALUES ("6100029", "3100070", "Matthew", "Smith", "Male", "2019-02-26", "1972-06-29");
INSERT INTO Researcher (ID_Ereuniti,ID_Organismou,First_Name,Last_Name,Gender,Date_Work_Relationship,Birth_Date) VALUES ("6100030", "3100004", "Connor", "Buchanan", "Male", "2022-01-20", "1957-12-14");
INSERT INTO Researcher (ID_Ereuniti,ID_Organismou,First_Name,Last_Name,Gender,Date_Work_Relationship,Birth_Date) VALUES ("6100031", "3100008", "Isabel", "Reed", "Female", "2019-06-11", "1970-03-09");
INSERT INTO Researcher (ID_Ereuniti,ID_Organismou,First_Name,Last_Name,Gender,Date_Work_Relationship,Birth_Date) VALUES ("6100032", "3100096", "Kevin", "Russell", "Male", "2019-10-25", "1991-08-12");
INSERT INTO Researcher (ID_Ereuniti,ID_Organismou,First_Name,Last_Name,Gender,Date_Work_Relationship,Birth_Date) VALUES ("6100033", "3100026", "Jacqueline", "Woods", "Female", "2020-07-26", "1982-07-30");
INSERT INTO Researcher (ID_Ereuniti,ID_Organismou,First_Name,Last_Name,Gender,Date_Work_Relationship,Birth_Date) VALUES ("6100034", "3100059", "Jamie", "Barton", "Female", "2021-05-04", "1991-07-18");
INSERT INTO Researcher (ID_Ereuniti,ID_Organismou,First_Name,Last_Name,Gender,Date_Work_Relationship,Birth_Date) VALUES ("6100035", "3100007", "Donald", "Johnson", "Male", "2020-11-05", "1998-11-18");
INSERT INTO Researcher (ID_Ereuniti,ID_Organismou,First_Name,Last_Name,Gender,Date_Work_Relationship,Birth_Date) VALUES ("6100036", "3100004", "Rachel", "Pierce", "Female", "2019-04-05", "1951-10-05");
INSERT INTO Researcher (ID_Ereuniti,ID_Organismou,First_Name,Last_Name,Gender,Date_Work_Relationship,Birth_Date) VALUES ("6100037", "3100029", "Zachary", "Durham", "Male", "2020-04-07", "1972-08-15");
INSERT INTO Researcher (ID_Ereuniti,ID_Organismou,First_Name,Last_Name,Gender,Date_Work_Relationship,Birth_Date) VALUES ("6100038", "3100029", "Lorraine", "Conley", "Female", "2018-11-09", "1969-01-10");
INSERT INTO Researcher (ID_Ereuniti,ID_Organismou,First_Name,Last_Name,Gender,Date_Work_Relationship,Birth_Date) VALUES ("6100039", "3100019", "Joshua", "Howard", "Male", "2019-08-27", "1963-11-07");
INSERT INTO Researcher (ID_Ereuniti,ID_Organismou,First_Name,Last_Name,Gender,Date_Work_Relationship,Birth_Date) VALUES ("6100040", "3100056", "Philip", "Summers", "Male", "2019-04-26", "1955-11-15");
INSERT INTO Researcher (ID_Ereuniti,ID_Organismou,First_Name,Last_Name,Gender,Date_Work_Relationship,Birth_Date) VALUES ("6100041", "3100080", "Emily", "Montgomery", "Female", "2019-08-28", "1983-11-13");
INSERT INTO Researcher (ID_Ereuniti,ID_Organismou,First_Name,Last_Name,Gender,Date_Work_Relationship,Birth_Date) VALUES ("6100042", "3100060", "Jacob", "Williams", "Male", "2018-07-05", "1992-12-27");
INSERT INTO Researcher (ID_Ereuniti,ID_Organismou,First_Name,Last_Name,Gender,Date_Work_Relationship,Birth_Date) VALUES ("6100043", "3100075", "Sharon", "Joseph", "Female", "2020-12-20", "1942-05-29");
INSERT INTO Researcher (ID_Ereuniti,ID_Organismou,First_Name,Last_Name,Gender,Date_Work_Relationship,Birth_Date) VALUES ("6100044", "3100016", "Angela", "Fleming", "Female", "2021-04-22", "1996-10-05");
INSERT INTO Researcher (ID_Ereuniti,ID_Organismou,First_Name,Last_Name,Gender,Date_Work_Relationship,Birth_Date) VALUES ("6100045", "3100092", "Amanda", "Armstrong", "Female", "2018-11-20", "1993-01-04");
INSERT INTO Researcher (ID_Ereuniti,ID_Organismou,First_Name,Last_Name,Gender,Date_Work_Relationship,Birth_Date) VALUES ("6100046", "3100095", "Thomas", "Thompson", "Male", "2019-07-17", "1968-03-09");
INSERT INTO Researcher (ID_Ereuniti,ID_Organismou,First_Name,Last_Name,Gender,Date_Work_Relationship,Birth_Date) VALUES ("6100047", "3100079", "Melissa", "Farmer", "Female", "2019-12-28", "1986-07-10");
INSERT INTO Researcher (ID_Ereuniti,ID_Organismou,First_Name,Last_Name,Gender,Date_Work_Relationship,Birth_Date) VALUES ("6100048", "3100068", "Angela", "Andrews", "Female", "2018-09-24", "1951-01-11");
INSERT INTO Researcher (ID_Ereuniti,ID_Organismou,First_Name,Last_Name,Gender,Date_Work_Relationship,Birth_Date) VALUES ("6100049", "3100083", "Rebecca", "Fernandez", "Female", "2021-04-09", "2002-01-17");
INSERT INTO Researcher (ID_Ereuniti,ID_Organismou,First_Name,Last_Name,Gender,Date_Work_Relationship,Birth_Date) VALUES ("6100050", "3100026", "Maria", "Ford", "Female", "2018-10-08", "1962-01-05");
INSERT INTO Researcher (ID_Ereuniti,ID_Organismou,First_Name,Last_Name,Gender,Date_Work_Relationship,Birth_Date) VALUES ("6100051", "3100045", "Jessica", "Ray", "Female", "2022-03-05", "1993-05-07");
INSERT INTO Researcher (ID_Ereuniti,ID_Organismou,First_Name,Last_Name,Gender,Date_Work_Relationship,Birth_Date) VALUES ("6100052", "3100059", "Gabrielle", "Jacobs", "Female", "2020-04-02", "1997-10-25");
INSERT INTO Researcher (ID_Ereuniti,ID_Organismou,First_Name,Last_Name,Gender,Date_Work_Relationship,Birth_Date) VALUES ("6100053", "3100029", "David", "Martinez", "Male", "2019-06-11", "1959-05-26");
INSERT INTO Researcher (ID_Ereuniti,ID_Organismou,First_Name,Last_Name,Gender,Date_Work_Relationship,Birth_Date) VALUES ("6100054", "3100075", "John", "Crawford", "Male", "2020-08-29", "1976-04-20");
INSERT INTO Researcher (ID_Ereuniti,ID_Organismou,First_Name,Last_Name,Gender,Date_Work_Relationship,Birth_Date) VALUES ("6100055", "3100070", "Jacob", "Martin", "Male", "2022-02-19", "1986-04-17");
INSERT INTO Researcher (ID_Ereuniti,ID_Organismou,First_Name,Last_Name,Gender,Date_Work_Relationship,Birth_Date) VALUES ("6100056", "3100047", "Alejandra", "Davis", "Female", "2019-10-25", "1949-11-29");
INSERT INTO Researcher (ID_Ereuniti,ID_Organismou,First_Name,Last_Name,Gender,Date_Work_Relationship,Birth_Date) VALUES ("6100057", "3100091", "Shawn", "Ellis", "Male", "2021-12-01", "1985-05-15");
INSERT INTO Researcher (ID_Ereuniti,ID_Organismou,First_Name,Last_Name,Gender,Date_Work_Relationship,Birth_Date) VALUES ("6100058", "3100053", "Nancy", "Duncan", "Female", "2019-12-17", "1982-06-23");
INSERT INTO Researcher (ID_Ereuniti,ID_Organismou,First_Name,Last_Name,Gender,Date_Work_Relationship,Birth_Date) VALUES ("6100059", "3100093", "Carly", "Marks", "Female", "2019-04-30", "2003-01-20");
INSERT INTO Researcher (ID_Ereuniti,ID_Organismou,First_Name,Last_Name,Gender,Date_Work_Relationship,Birth_Date) VALUES ("6100060", "3100037", "George", "Gregory", "Male", "2021-11-01", "1950-02-19");
INSERT INTO Researcher (ID_Ereuniti,ID_Organismou,First_Name,Last_Name,Gender,Date_Work_Relationship,Birth_Date) VALUES ("6100061", "3100020", "Deborah", "Benson", "Female", "2022-03-29", "1963-02-07");
INSERT INTO Researcher (ID_Ereuniti,ID_Organismou,First_Name,Last_Name,Gender,Date_Work_Relationship,Birth_Date) VALUES ("6100062", "3100061", "Dawn", "Ball", "Female", "2018-07-26", "1972-04-12");
INSERT INTO Researcher (ID_Ereuniti,ID_Organismou,First_Name,Last_Name,Gender,Date_Work_Relationship,Birth_Date) VALUES ("6100063", "3100037", "April", "Davis", "Female", "2021-08-11", "1993-11-11");
INSERT INTO Researcher (ID_Ereuniti,ID_Organismou,First_Name,Last_Name,Gender,Date_Work_Relationship,Birth_Date) VALUES ("6100064", "3100011", "Penny", "Obrien", "Female", "2020-11-20", "1992-03-07");
INSERT INTO Researcher (ID_Ereuniti,ID_Organismou,First_Name,Last_Name,Gender,Date_Work_Relationship,Birth_Date) VALUES ("6100065", "3100055", "Stacy", "Atkinson", "Female", "2021-04-20", "1962-04-06");
INSERT INTO Researcher (ID_Ereuniti,ID_Organismou,First_Name,Last_Name,Gender,Date_Work_Relationship,Birth_Date) VALUES ("6100066", "3100064", "Joseph", "Oconnor", "Male", "2020-01-24", "1960-04-22");
INSERT INTO Researcher (ID_Ereuniti,ID_Organismou,First_Name,Last_Name,Gender,Date_Work_Relationship,Birth_Date) VALUES ("6100067", "3100033", "Dana", "Proctor", "Female", "2019-05-25", "1987-11-01");
INSERT INTO Researcher (ID_Ereuniti,ID_Organismou,First_Name,Last_Name,Gender,Date_Work_Relationship,Birth_Date) VALUES ("6100068", "3100066", "Erica", "Estrada", "Female", "2022-04-29", "1951-03-13");
INSERT INTO Researcher (ID_Ereuniti,ID_Organismou,First_Name,Last_Name,Gender,Date_Work_Relationship,Birth_Date) VALUES ("6100069", "3100017", "Bill", "Howe", "Male", "2021-08-24", "1953-01-31");
INSERT INTO Researcher (ID_Ereuniti,ID_Organismou,First_Name,Last_Name,Gender,Date_Work_Relationship,Birth_Date) VALUES ("6100070", "3100076", "Adam", "Mcclain", "Male", "2021-04-02", "1985-03-04");
INSERT INTO Researcher (ID_Ereuniti,ID_Organismou,First_Name,Last_Name,Gender,Date_Work_Relationship,Birth_Date) VALUES ("6100071", "3100018", "Katelyn", "Martin", "Female", "2022-04-09", "1958-04-24");
INSERT INTO Researcher (ID_Ereuniti,ID_Organismou,First_Name,Last_Name,Gender,Date_Work_Relationship,Birth_Date) VALUES ("6100072", "3100087", "Sara", "Dudley", "Female", "2020-02-07", "1992-09-26");
INSERT INTO Researcher (ID_Ereuniti,ID_Organismou,First_Name,Last_Name,Gender,Date_Work_Relationship,Birth_Date) VALUES ("6100073", "3100096", "Jacob", "Horton", "Male", "2021-06-07", "1977-03-16");
INSERT INTO Researcher (ID_Ereuniti,ID_Organismou,First_Name,Last_Name,Gender,Date_Work_Relationship,Birth_Date) VALUES ("6100074", "3100013", "Ashley", "Harmon", "Female", "2019-08-28", "1957-06-01");
INSERT INTO Researcher (ID_Ereuniti,ID_Organismou,First_Name,Last_Name,Gender,Date_Work_Relationship,Birth_Date) VALUES ("6100075", "3100048", "Wayne", "Johnson", "Male", "2021-07-16", "1941-03-19");
INSERT INTO Researcher (ID_Ereuniti,ID_Organismou,First_Name,Last_Name,Gender,Date_Work_Relationship,Birth_Date) VALUES ("6100076", "3100088", "Gina", "Guzman", "Female", "2019-08-25", "1961-02-01");
INSERT INTO Researcher (ID_Ereuniti,ID_Organismou,First_Name,Last_Name,Gender,Date_Work_Relationship,Birth_Date) VALUES ("6100077", "3100063", "Kristi", "Lee", "Female", "2021-10-13", "2002-08-20");
INSERT INTO Researcher (ID_Ereuniti,ID_Organismou,First_Name,Last_Name,Gender,Date_Work_Relationship,Birth_Date) VALUES ("6100078", "3100064", "Eric", "Hall", "Male", "2020-09-08", "1943-01-08");
INSERT INTO Researcher (ID_Ereuniti,ID_Organismou,First_Name,Last_Name,Gender,Date_Work_Relationship,Birth_Date) VALUES ("6100079", "3100028", "Lisa", "Mitchell", "Female", "2020-12-10", "1966-03-09");
INSERT INTO Researcher (ID_Ereuniti,ID_Organismou,First_Name,Last_Name,Gender,Date_Work_Relationship,Birth_Date) VALUES ("6100080", "3100093", "Catherine", "Henry", "Female", "2020-07-11", "1972-02-03");
INSERT INTO Researcher (ID_Ereuniti,ID_Organismou,First_Name,Last_Name,Gender,Date_Work_Relationship,Birth_Date) VALUES ("6100081", "3100056", "Patrick", "Allen", "Male", "2019-10-02", "1979-09-07");
INSERT INTO Researcher (ID_Ereuniti,ID_Organismou,First_Name,Last_Name,Gender,Date_Work_Relationship,Birth_Date) VALUES ("6100082", "3100047", "Brittany", "Page", "Female", "2021-12-24", "1988-12-01");
INSERT INTO Researcher (ID_Ereuniti,ID_Organismou,First_Name,Last_Name,Gender,Date_Work_Relationship,Birth_Date) VALUES ("6100083", "3100056", "Robert", "Bryant", "Male", "2020-08-05", "2002-06-18");
INSERT INTO Researcher (ID_Ereuniti,ID_Organismou,First_Name,Last_Name,Gender,Date_Work_Relationship,Birth_Date) VALUES ("6100084", "3100013", "Melissa", "Henry", "Female", "2021-04-26", "1951-02-16");
INSERT INTO Researcher (ID_Ereuniti,ID_Organismou,First_Name,Last_Name,Gender,Date_Work_Relationship,Birth_Date) VALUES ("6100085", "3100050", "Rhonda", "Dunlap", "Female", "2020-07-17", "1967-10-31");
INSERT INTO Researcher (ID_Ereuniti,ID_Organismou,First_Name,Last_Name,Gender,Date_Work_Relationship,Birth_Date) VALUES ("6100086", "3100005", "Cody", "King", "Male", "2019-09-05", "1955-05-26");
INSERT INTO Researcher (ID_Ereuniti,ID_Organismou,First_Name,Last_Name,Gender,Date_Work_Relationship,Birth_Date) VALUES ("6100087", "3100081", "James", "Garcia", "Male", "2019-04-05", "1991-05-04");
INSERT INTO Researcher (ID_Ereuniti,ID_Organismou,First_Name,Last_Name,Gender,Date_Work_Relationship,Birth_Date) VALUES ("6100088", "3100097", "Diana", "Johnson", "Female", "2019-09-15", "1954-06-25");
INSERT INTO Researcher (ID_Ereuniti,ID_Organismou,First_Name,Last_Name,Gender,Date_Work_Relationship,Birth_Date) VALUES ("6100089", "3100045", "Amy", "Flynn", "Female", "2019-04-13", "1999-01-08");
INSERT INTO Researcher (ID_Ereuniti,ID_Organismou,First_Name,Last_Name,Gender,Date_Work_Relationship,Birth_Date) VALUES ("6100090", "3100020", "Karen", "Gilbert", "Female", "2021-11-17", "1945-04-13");
INSERT INTO Researcher (ID_Ereuniti,ID_Organismou,First_Name,Last_Name,Gender,Date_Work_Relationship,Birth_Date) VALUES ("6100091", "3100003", "Pamela", "Kennedy", "Female", "2019-11-22", "1951-02-18");
INSERT INTO Researcher (ID_Ereuniti,ID_Organismou,First_Name,Last_Name,Gender,Date_Work_Relationship,Birth_Date) VALUES ("6100092", "3100077", "Sarah", "Douglas", "Female", "2019-02-16", "1966-12-28");
INSERT INTO Researcher (ID_Ereuniti,ID_Organismou,First_Name,Last_Name,Gender,Date_Work_Relationship,Birth_Date) VALUES ("6100093", "3100024", "Randy", "Bennett", "Male", "2019-08-12", "1947-04-05");
INSERT INTO Researcher (ID_Ereuniti,ID_Organismou,First_Name,Last_Name,Gender,Date_Work_Relationship,Birth_Date) VALUES ("6100094", "3100090", "Christian", "Cardenas", "Male", "2020-11-06", "1977-12-07");
INSERT INTO Researcher (ID_Ereuniti,ID_Organismou,First_Name,Last_Name,Gender,Date_Work_Relationship,Birth_Date) VALUES ("6100095", "3100083", "Matthew", "Hall", "Male", "2021-01-08", "1980-12-22");
INSERT INTO Researcher (ID_Ereuniti,ID_Organismou,First_Name,Last_Name,Gender,Date_Work_Relationship,Birth_Date) VALUES ("6100096", "3100087", "Christopher", "Griffith", "Male", "2018-09-13", "1964-06-11");
INSERT INTO Researcher (ID_Ereuniti,ID_Organismou,First_Name,Last_Name,Gender,Date_Work_Relationship,Birth_Date) VALUES ("6100097", "3100010", "Michele", "White", "Female", "2020-11-02", "1940-07-13");
INSERT INTO Researcher (ID_Ereuniti,ID_Organismou,First_Name,Last_Name,Gender,Date_Work_Relationship,Birth_Date) VALUES ("6100098", "3100067", "Patrick", "Allen", "Male", "2020-09-28", "1952-05-14");
INSERT INTO Researcher (ID_Ereuniti,ID_Organismou,First_Name,Last_Name,Gender,Date_Work_Relationship,Birth_Date) VALUES ("6100099", "3100098", "Wyatt", "Gardner", "Male", "2021-01-25", "1990-06-09");
INSERT INTO Researcher (ID_Ereuniti,ID_Organismou,First_Name,Last_Name,Gender,Date_Work_Relationship,Birth_Date) VALUES ("6100100", "3100002", "Benjamin", "Carrillo", "Male", "2020-12-05", "1991-01-17");
INSERT INTO Researcher (ID_Ereuniti,ID_Organismou,First_Name,Last_Name,Gender,Date_Work_Relationship,Birth_Date) VALUES ("6100101", "3100092", "Carol", "Jenkins", "Female", "2019-01-04", "1974-08-28");
INSERT INTO Researcher (ID_Ereuniti,ID_Organismou,First_Name,Last_Name,Gender,Date_Work_Relationship,Birth_Date) VALUES ("6100102", "3100038", "Tony", "Hopkins", "Male", "2022-03-15", "1979-10-22");
INSERT INTO Researcher (ID_Ereuniti,ID_Organismou,First_Name,Last_Name,Gender,Date_Work_Relationship,Birth_Date) VALUES ("6100103", "3100090", "Robert", "Anderson", "Male", "2020-07-15", "1942-04-26");
INSERT INTO Researcher (ID_Ereuniti,ID_Organismou,First_Name,Last_Name,Gender,Date_Work_Relationship,Birth_Date) VALUES ("6100104", "3100002", "Sean", "Elliott", "Male", "2021-01-22", "1995-09-06");
INSERT INTO Researcher (ID_Ereuniti,ID_Organismou,First_Name,Last_Name,Gender,Date_Work_Relationship,Birth_Date) VALUES ("6100105", "3100030", "Joseph", "Hendrix", "Male", "2021-10-18", "1991-11-08");
INSERT INTO Researcher (ID_Ereuniti,ID_Organismou,First_Name,Last_Name,Gender,Date_Work_Relationship,Birth_Date) VALUES ("6100106", "3100007", "Matthew", "Jordan", "Male", "2022-01-01", "2000-12-11");
INSERT INTO Researcher (ID_Ereuniti,ID_Organismou,First_Name,Last_Name,Gender,Date_Work_Relationship,Birth_Date) VALUES ("6100107", "3100045", "Mark", "Freeman", "Male", "2018-10-07", "1970-11-25");
INSERT INTO Researcher (ID_Ereuniti,ID_Organismou,First_Name,Last_Name,Gender,Date_Work_Relationship,Birth_Date) VALUES ("6100108", "3100064", "Timothy", "Perez", "Male", "2019-05-29", "1966-04-28");
INSERT INTO Researcher (ID_Ereuniti,ID_Organismou,First_Name,Last_Name,Gender,Date_Work_Relationship,Birth_Date) VALUES ("6100109", "3100042", "Marisa", "Henry", "Female", "2019-09-13", "1943-05-16");
INSERT INTO Researcher (ID_Ereuniti,ID_Organismou,First_Name,Last_Name,Gender,Date_Work_Relationship,Birth_Date) VALUES ("6100110", "3100032", "Edward", "Greer", "Male", "2021-08-11", "1946-04-12");
INSERT INTO Researcher (ID_Ereuniti,ID_Organismou,First_Name,Last_Name,Gender,Date_Work_Relationship,Birth_Date) VALUES ("6100111", "3100074", "Patricia", "Mcknight", "Female", "2018-12-28", "1993-02-08");
INSERT INTO Researcher (ID_Ereuniti,ID_Organismou,First_Name,Last_Name,Gender,Date_Work_Relationship,Birth_Date) VALUES ("6100112", "3100096", "Timothy", "Harris", "Male", "2021-03-31", "1948-08-03");
INSERT INTO Researcher (ID_Ereuniti,ID_Organismou,First_Name,Last_Name,Gender,Date_Work_Relationship,Birth_Date) VALUES ("6100113", "3100090", "Blake", "Cook", "Male", "2021-11-04", "1971-11-16");
INSERT INTO Researcher (ID_Ereuniti,ID_Organismou,First_Name,Last_Name,Gender,Date_Work_Relationship,Birth_Date) VALUES ("6100114", "3100022", "Christy", "Murphy", "Female", "2020-05-11", "1982-06-16");
INSERT INTO Researcher (ID_Ereuniti,ID_Organismou,First_Name,Last_Name,Gender,Date_Work_Relationship,Birth_Date) VALUES ("6100115", "3100062", "Alice", "Nguyen", "Female", "2021-09-27", "1954-01-09");
INSERT INTO Researcher (ID_Ereuniti,ID_Organismou,First_Name,Last_Name,Gender,Date_Work_Relationship,Birth_Date) VALUES ("6100116", "3100089", "Michael", "Harris", "Male", "2019-08-13", "1999-10-16");
INSERT INTO Researcher (ID_Ereuniti,ID_Organismou,First_Name,Last_Name,Gender,Date_Work_Relationship,Birth_Date) VALUES ("6100117", "3100084", "Bailey", "Escobar", "Female", "2018-12-25", "1997-08-20");
INSERT INTO Researcher (ID_Ereuniti,ID_Organismou,First_Name,Last_Name,Gender,Date_Work_Relationship,Birth_Date) VALUES ("6100118", "3100061", "Jordan", "Stanley", "Male", "2021-01-23", "1980-02-11");
INSERT INTO Researcher (ID_Ereuniti,ID_Organismou,First_Name,Last_Name,Gender,Date_Work_Relationship,Birth_Date) VALUES ("6100119", "3100036", "Anthony", "Blackburn", "Male", "2020-03-01", "1948-08-01");
INSERT INTO Ergo_Epixorigisi (ID_Ergou,Title,Perilipsi,Funding,Start_Date,End_Date,ID_Stelexous,ID_Ereuniti,Program_Address,ID_Axiologisis,ID_Organismou) VALUES ("3700000", "Business  start  yeah  pay  general.", "Significant view chance resource condition national. Campaign magazine foreign.", "971656", "2021-09-07", "2023-08-25", "3300042", "6100000", "3500000", "1200071" , "3100059");
INSERT INTO Ergo_Epixorigisi (ID_Ergou,Title,Perilipsi,Funding,Start_Date,End_Date,ID_Stelexous,ID_Ereuniti,Program_Address,ID_Axiologisis,ID_Organismou) VALUES ("3700001", "Mother  heart  produce  result.", "Open present medical sea a will represent. Game door position bank section somebody.", "815250", "2021-06-11", "2022-09-30", "3300061", "6100001", "3500001", "1200054" , "3100074");
INSERT INTO Ergo_Epixorigisi (ID_Ergou,Title,Perilipsi,Funding,Start_Date,End_Date,ID_Stelexous,ID_Ereuniti,Program_Address,ID_Axiologisis,ID_Organismou) VALUES ("3700002", "Notice  less  share  must.", "Foreign Mr early name scene. Reveal international guess standard would station. Method improve instead.", "685829", "2021-04-21", "2022-12-30", "3300035", "6100002", "3500002", "1200013" , "3100022");
INSERT INTO Ergo_Epixorigisi (ID_Ergou,Title,Perilipsi,Funding,Start_Date,End_Date,ID_Stelexous,ID_Ereuniti,Program_Address,ID_Axiologisis,ID_Organismou) VALUES ("3700003", "Lead  may  kitchen.", "Color view agency mean ability note. Throw doctor change democratic option effort. Their bad he.", "407959", "2022-03-06", "2025-07-18", "3300090", "6100003", "3500003", "1200057" , "3100011");
INSERT INTO Ergo_Epixorigisi (ID_Ergou,Title,Perilipsi,Funding,Start_Date,End_Date,ID_Stelexous,ID_Ereuniti,Program_Address,ID_Axiologisis,ID_Organismou) VALUES ("3700004", "Fast  west  sure  skin  region  middle.", "Four serve growth to laugh. Weight in appear soon.", "365243", "2020-09-22", "2022-08-27", "3300016", "6100004", "3500004", "1200084" , "3100061");
INSERT INTO Ergo_Epixorigisi (ID_Ergou,Title,Perilipsi,Funding,Start_Date,End_Date,ID_Stelexous,ID_Ereuniti,Program_Address,ID_Axiologisis,ID_Organismou) VALUES ("3700005", "Call  indicate  thus.", "Store difference data everything gas.
Quality gun future major.", "765094", "2019-07-08", "2022-04-27", "3300078", "6100005", "3500005", "1200029" , "3100096");
INSERT INTO Ergo_Epixorigisi (ID_Ergou,Title,Perilipsi,Funding,Start_Date,End_Date,ID_Stelexous,ID_Ereuniti,Program_Address,ID_Axiologisis,ID_Organismou) VALUES ("3700006", "Represent  age  place  book  arm.", "Study one sound friend stage book director. Respond study else eight. Glass hit finally win shake.", "322412", "2020-07-16", "2022-04-22", "3300091", "6100006", "3500006", "1200097" , "3100062");
INSERT INTO Ergo_Epixorigisi (ID_Ergou,Title,Perilipsi,Funding,Start_Date,End_Date,ID_Stelexous,ID_Ereuniti,Program_Address,ID_Axiologisis,ID_Organismou) VALUES ("3700007", "Himself  interest  up  no.", "Middle star treatment above matter medical again.", "857506", "2021-07-02", "2024-07-07", "3300088", "6100007", "3500007", "1200024" , "3100024");
INSERT INTO Ergo_Epixorigisi (ID_Ergou,Title,Perilipsi,Funding,Start_Date,End_Date,ID_Stelexous,ID_Ereuniti,Program_Address,ID_Axiologisis,ID_Organismou) VALUES ("3700008", "Whose  bill  report  arm.", "Final condition glass adult line improve.", "624389", "2021-03-21", "2023-05-21", "3300010", "6100008", "3500008", "1200067" , "3100047");
INSERT INTO Ergo_Epixorigisi (ID_Ergou,Title,Perilipsi,Funding,Start_Date,End_Date,ID_Stelexous,ID_Ereuniti,Program_Address,ID_Axiologisis,ID_Organismou) VALUES ("3700009", "Want  international  remain  factor.", "Society authority while year. Style production message daughter set west write. Rate become country couple.", "311033", "2021-04-12", "2022-06-10", "3300006", "6100009", "3500009", "1200021" , "3100028");
INSERT INTO Ergo_Epixorigisi (ID_Ergou,Title,Perilipsi,Funding,Start_Date,End_Date,ID_Stelexous,ID_Ereuniti,Program_Address,ID_Axiologisis,ID_Organismou) VALUES ("3700010", "Could  resource  put.", "Fill human wonder this become while. Player wait water likely him idea.", "229664", "2021-08-11", "2025-02-21", "3300009", "6100010", "3500010", "1200062" , "3100086");
INSERT INTO Ergo_Epixorigisi (ID_Ergou,Title,Perilipsi,Funding,Start_Date,End_Date,ID_Stelexous,ID_Ereuniti,Program_Address,ID_Axiologisis,ID_Organismou) VALUES ("3700011", "Wait  design  with  college.", "Audience far very evening citizen heavy purpose. Line until science child off establish. Detail owner oil.", "400642", "2020-02-02", "2021-10-27", "3300097", "6100011", "3500011", "1200001" , "3100027");
INSERT INTO Ergo_Epixorigisi (ID_Ergou,Title,Perilipsi,Funding,Start_Date,End_Date,ID_Stelexous,ID_Ereuniti,Program_Address,ID_Axiologisis,ID_Organismou) VALUES ("3700012", "Whatever  eight  theory.", "Picture rather action seem. Because whether science president citizen beat subject.", "208769", "2021-07-28", "2024-10-09", "3300045", "6100012", "3500012", "1200009" , "3100040");
INSERT INTO Ergo_Epixorigisi (ID_Ergou,Title,Perilipsi,Funding,Start_Date,End_Date,ID_Stelexous,ID_Ereuniti,Program_Address,ID_Axiologisis,ID_Organismou) VALUES ("3700013", "Yes  pull  writer  media.", "Color his near soon institution couple.", "794200", "2019-06-09", "2022-09-27", "3300050", "6100013", "3500013", "1200087" , "3100001");
INSERT INTO Ergo_Epixorigisi (ID_Ergou,Title,Perilipsi,Funding,Start_Date,End_Date,ID_Stelexous,ID_Ereuniti,Program_Address,ID_Axiologisis,ID_Organismou) VALUES ("3700014", "Become  school  direction  newspaper.", "Standard believe either lawyer stage rise. Surface campaign city wind.", "282195", "2021-03-17", "2024-12-12", "3300047", "6100014", "3500014", "1200041" , "3100018");
INSERT INTO Ergo_Epixorigisi (ID_Ergou,Title,Perilipsi,Funding,Start_Date,End_Date,ID_Stelexous,ID_Ereuniti,Program_Address,ID_Axiologisis,ID_Organismou) VALUES ("3700015", "Fund  more  wish  foreign  industry.", "Training big detail boy conference. Where bit under exactly pass. Field run focus best garden recognize.", "350838", "2019-01-22", "2022-07-28", "3300035", "6100015", "3500015", "1200044" , "3100052");
INSERT INTO Ergo_Epixorigisi (ID_Ergou,Title,Perilipsi,Funding,Start_Date,End_Date,ID_Stelexous,ID_Ereuniti,Program_Address,ID_Axiologisis,ID_Organismou) VALUES ("3700016", "Condition  talk  accept  might  his.", "Card section director just tough morning. Amount need police.", "282509", "2021-11-30", "2023-02-17", "3300019", "6100016", "3500016", "1200089" , "3100046");
INSERT INTO Ergo_Epixorigisi (ID_Ergou,Title,Perilipsi,Funding,Start_Date,End_Date,ID_Stelexous,ID_Ereuniti,Program_Address,ID_Axiologisis,ID_Organismou) VALUES ("3700017", "Too  weight  notice  five.", "Cause concern manager. Support cover according so person him.", "857908", "2021-05-26", "2022-06-27", "3300061", "6100017", "3500017", "1200086" , "3100055");
INSERT INTO Ergo_Epixorigisi (ID_Ergou,Title,Perilipsi,Funding,Start_Date,End_Date,ID_Stelexous,ID_Ereuniti,Program_Address,ID_Axiologisis,ID_Organismou) VALUES ("3700018", "See  what  pretty  today  either.", "Organization amount explain price. Lead hope once service increase item. Rest nor much two.", "994075", "2019-08-26", "2021-10-31", "3300038", "6100018", "3500018", "1200096" , "3100014");
INSERT INTO Ergo_Epixorigisi (ID_Ergou,Title,Perilipsi,Funding,Start_Date,End_Date,ID_Stelexous,ID_Ereuniti,Program_Address,ID_Axiologisis,ID_Organismou) VALUES ("3700019", "Smile  no  because.", "Tv between sign. Suggest land large region.
Prove it drug popular. Other project term billion.", "891874", "2020-03-10", "2023-06-27", "3300071", "6100019", "3500019", "1200080" , "3100013");
INSERT INTO Ergo_Epixorigisi (ID_Ergou,Title,Perilipsi,Funding,Start_Date,End_Date,ID_Stelexous,ID_Ereuniti,Program_Address,ID_Axiologisis,ID_Organismou) VALUES ("3700020", "Record  talk  order  service.", "Candidate game interesting. Threat firm art wish.", "210254", "2020-09-20", "2021-10-10", "3300078", "6100020", "3500020", "1200097" , "3100076");
INSERT INTO Ergo_Epixorigisi (ID_Ergou,Title,Perilipsi,Funding,Start_Date,End_Date,ID_Stelexous,ID_Ereuniti,Program_Address,ID_Axiologisis,ID_Organismou) VALUES ("3700021", "Music  see  serious  range  father.", "Animal second seven civil whether. Current sign rich.", "339345", "2021-09-30", "2022-11-08", "3300055", "6100021", "3500021", "1200030" , "3100083");
INSERT INTO Ergo_Epixorigisi (ID_Ergou,Title,Perilipsi,Funding,Start_Date,End_Date,ID_Stelexous,ID_Ereuniti,Program_Address,ID_Axiologisis,ID_Organismou) VALUES ("3700022", "Young  often  start  miss.", "Face six along teach main near policy. Fire note network follow.
Along election in product whether.", "829136", "2021-02-23", "2022-05-27", "3300067", "6100022", "3500022", "1200061" , "3100018");
INSERT INTO Ergo_Epixorigisi (ID_Ergou,Title,Perilipsi,Funding,Start_Date,End_Date,ID_Stelexous,ID_Ereuniti,Program_Address,ID_Axiologisis,ID_Organismou) VALUES ("3700023", "Author  car  capital  star  ok  loss.", "Catch movie reveal visit common pull. Mother price management table ahead.", "473036", "2022-04-17", "2023-10-27", "3300097", "6100023", "3500023", "1200002" , "3100022");
INSERT INTO Ergo_Epixorigisi (ID_Ergou,Title,Perilipsi,Funding,Start_Date,End_Date,ID_Stelexous,ID_Ereuniti,Program_Address,ID_Axiologisis,ID_Organismou) VALUES ("3700024", "Medical  available  watch.", "Enjoy later condition tough number. Individual culture field matter.", "211379", "2021-12-02", "2025-07-27", "3300029", "6100024", "3500024", "1200001" , "3100061");
INSERT INTO Ergo_Epixorigisi (ID_Ergou,Title,Perilipsi,Funding,Start_Date,End_Date,ID_Stelexous,ID_Ereuniti,Program_Address,ID_Axiologisis,ID_Organismou) VALUES ("3700025", "Writer  street  back  through  sister.", "Open point impact tree. Significant view whole actually since try. Team chance performance certain hard.", "840502", "2019-02-07", "2021-06-08", "3300095", "6100025", "3500025", "1200059" , "3100025");
INSERT INTO Ergo_Epixorigisi (ID_Ergou,Title,Perilipsi,Funding,Start_Date,End_Date,ID_Stelexous,ID_Ereuniti,Program_Address,ID_Axiologisis,ID_Organismou) VALUES ("3700026", "Box  stuff  near  school.", "Fine someone painting third. Medical rate word far sound blue lead all.", "112704", "2019-11-27", "2023-06-21", "3300019", "6100026", "3500026", "1200013" , "3100055");
INSERT INTO Ergo_Epixorigisi (ID_Ergou,Title,Perilipsi,Funding,Start_Date,End_Date,ID_Stelexous,ID_Ereuniti,Program_Address,ID_Axiologisis,ID_Organismou) VALUES ("3700027", "Lay  land  from  father  believe  once.", "That explain interesting or actually. Doctor quickly shake fact recognize decision right.", "660640", "2022-01-06", "2024-06-02", "3300018", "6100027", "3500027", "1200036" , "3100043");
INSERT INTO Ergo_Epixorigisi (ID_Ergou,Title,Perilipsi,Funding,Start_Date,End_Date,ID_Stelexous,ID_Ereuniti,Program_Address,ID_Axiologisis,ID_Organismou) VALUES ("3700028", "With  century  member  item  data.", "Network very address raise us minute shoulder. Large because learn reveal.", "628120", "2020-12-20", "2023-09-18", "3300093", "6100028", "3500028", "1200063" , "3100007");
INSERT INTO Ergo_Epixorigisi (ID_Ergou,Title,Perilipsi,Funding,Start_Date,End_Date,ID_Stelexous,ID_Ereuniti,Program_Address,ID_Axiologisis,ID_Organismou) VALUES ("3700029", "Nice  too  stand.", "Recognize business for determine. Game break prove account yard food.", "160191", "2019-08-07", "2022-10-29", "3300092", "6100029", "3500029", "1200076" , "3100030");
INSERT INTO Ergo_Epixorigisi (ID_Ergou,Title,Perilipsi,Funding,Start_Date,End_Date,ID_Stelexous,ID_Ereuniti,Program_Address,ID_Axiologisis,ID_Organismou) VALUES ("3700030", "Teacher  test  me  information.", "Yard under fly history. Effort data save just hold.", "316655", "2020-09-01", "2022-12-11", "3300065", "6100030", "3500030", "1200090" , "3100092");
INSERT INTO Ergo_Epixorigisi (ID_Ergou,Title,Perilipsi,Funding,Start_Date,End_Date,ID_Stelexous,ID_Ereuniti,Program_Address,ID_Axiologisis,ID_Organismou) VALUES ("3700031", "Day  early  experience  quite  spring.", "Employee teach sense impact care thank. Message simply success compare war.", "215549", "2020-08-10", "2021-09-10", "3300083", "6100031", "3500031", "1200005" , "3100003");
INSERT INTO Ergo_Epixorigisi (ID_Ergou,Title,Perilipsi,Funding,Start_Date,End_Date,ID_Stelexous,ID_Ereuniti,Program_Address,ID_Axiologisis,ID_Organismou) VALUES ("3700032", "Fill  right  life  three.", "It serious drop close keep. He two brother story oil color meeting. Environmental quality few apply own than.", "377228", "2021-01-13", "2024-09-30", "3300046", "6100032", "3500032", "1200004" , "3100064");
INSERT INTO Ergo_Epixorigisi (ID_Ergou,Title,Perilipsi,Funding,Start_Date,End_Date,ID_Stelexous,ID_Ereuniti,Program_Address,ID_Axiologisis,ID_Organismou) VALUES ("3700033", "In  until  interesting  nice.", "Source life us level Mr. Court upon goal per number power beyond summer.", "737678", "2021-04-30", "2022-05-26", "3300017", "6100033", "3500033", "1200083" , "3100083");
INSERT INTO Ergo_Epixorigisi (ID_Ergou,Title,Perilipsi,Funding,Start_Date,End_Date,ID_Stelexous,ID_Ereuniti,Program_Address,ID_Axiologisis,ID_Organismou) VALUES ("3700034", "Action  hit  ground  herself  major.", "Early million scene hit. Production detail outside eye night join range.", "451064", "2019-03-07", "2022-04-30", "3300072", "6100034", "3500034", "1200000" , "3100091");
INSERT INTO Ergo_Epixorigisi (ID_Ergou,Title,Perilipsi,Funding,Start_Date,End_Date,ID_Stelexous,ID_Ereuniti,Program_Address,ID_Axiologisis,ID_Organismou) VALUES ("3700035", "Good  six  choice  avoid  film  upon.", "Strong stand agreement building. Artist movement military claim center.", "613061", "2020-11-07", "2024-06-25", "3300071", "6100035", "3500035", "1200094" , "3100077");
INSERT INTO Ergo_Epixorigisi (ID_Ergou,Title,Perilipsi,Funding,Start_Date,End_Date,ID_Stelexous,ID_Ereuniti,Program_Address,ID_Axiologisis,ID_Organismou) VALUES ("3700036", "Always  sell  than  take  mean.", "Family dog street detail remember project. Professional short future American available side see.", "378262", "2020-10-26", "2024-08-26", "3300022", "6100036", "3500036", "1200040" , "3100025");
INSERT INTO Ergo_Epixorigisi (ID_Ergou,Title,Perilipsi,Funding,Start_Date,End_Date,ID_Stelexous,ID_Ereuniti,Program_Address,ID_Axiologisis,ID_Organismou) VALUES ("3700037", "Ask  site  set  cost  heavy  economy.", "Simply middle bed American home along notice. Beautiful public condition alone live girl.", "627480", "2020-06-23", "2022-12-13", "3300055", "6100037", "3500037", "1200080" , "3100058");
INSERT INTO Ergo_Epixorigisi (ID_Ergou,Title,Perilipsi,Funding,Start_Date,End_Date,ID_Stelexous,ID_Ereuniti,Program_Address,ID_Axiologisis,ID_Organismou) VALUES ("3700038", "Spring  voice  senior  reality.", "Indeed by myself stay low.
Treatment assume decade. Issue Democrat add teacher.", "428089", "2020-10-11", "2023-04-13", "3300090", "6100038", "3500038", "1200014" , "3100099");
INSERT INTO Ergo_Epixorigisi (ID_Ergou,Title,Perilipsi,Funding,Start_Date,End_Date,ID_Stelexous,ID_Ereuniti,Program_Address,ID_Axiologisis,ID_Organismou) VALUES ("3700039", "Forward  film  camera  debate.", "Decade nor strong common various. Operation skin yard president without fine religious.", "393858", "2020-06-06", "2021-10-04", "3300042", "6100039", "3500039", "1200016" , "3100008");
INSERT INTO Ergo_Epixorigisi (ID_Ergou,Title,Perilipsi,Funding,Start_Date,End_Date,ID_Stelexous,ID_Ereuniti,Program_Address,ID_Axiologisis,ID_Organismou) VALUES ("3700040", "Treatment  all  reveal  so  manager.", "Center a market.
National young new someone much group. His win treatment lawyer really require available.", "937233", "2020-08-17", "2023-01-28", "3300057", "6100040", "3500040", "1200028" , "3100092");
INSERT INTO Ergo_Epixorigisi (ID_Ergou,Title,Perilipsi,Funding,Start_Date,End_Date,ID_Stelexous,ID_Ereuniti,Program_Address,ID_Axiologisis,ID_Organismou) VALUES ("3700041", "Most  heart  its.", "Ready her discover. Though bed cause item.", "953499", "2021-12-22", "2024-10-12", "3300065", "6100041", "3500041", "1200007" , "3100061");
INSERT INTO Ergo_Epixorigisi (ID_Ergou,Title,Perilipsi,Funding,Start_Date,End_Date,ID_Stelexous,ID_Ereuniti,Program_Address,ID_Axiologisis,ID_Organismou) VALUES ("3700042", "Garden  report  baby  movie  its.", "Seven practice reveal kid region along include.", "836935", "2022-03-29", "2024-02-28", "3300093", "6100042", "3500042", "1200026" , "3100001");
INSERT INTO Ergo_Epixorigisi (ID_Ergou,Title,Perilipsi,Funding,Start_Date,End_Date,ID_Stelexous,ID_Ereuniti,Program_Address,ID_Axiologisis,ID_Organismou) VALUES ("3700043", "Close  and  affect  house.", "Top carry later.", "850957", "2021-06-01", "2023-06-28", "3300096", "6100043", "3500043", "1200079" , "3100091");
INSERT INTO Ergo_Epixorigisi (ID_Ergou,Title,Perilipsi,Funding,Start_Date,End_Date,ID_Stelexous,ID_Ereuniti,Program_Address,ID_Axiologisis,ID_Organismou) VALUES ("3700044", "Recognize  it  up  shake  rather  tell.", "Beat song station deep bed really. Scientist enough culture exist laugh.", "346266", "2019-12-08", "2021-08-13", "3300012", "6100044", "3500044", "1200088" , "3100065");
INSERT INTO Ergo_Epixorigisi (ID_Ergou,Title,Perilipsi,Funding,Start_Date,End_Date,ID_Stelexous,ID_Ereuniti,Program_Address,ID_Axiologisis,ID_Organismou) VALUES ("3700045", "Care  skill  hot.", "Story safe race past. Still paper position happy. Former power material.", "849113", "2020-01-23", "2023-09-21", "3300008", "6100045", "3500045", "1200086" , "3100037");
INSERT INTO Ergo_Epixorigisi (ID_Ergou,Title,Perilipsi,Funding,Start_Date,End_Date,ID_Stelexous,ID_Ereuniti,Program_Address,ID_Axiologisis,ID_Organismou) VALUES ("3700046", "Put  system  summer  consider.", "Throughout positive yeah light. Note attorney mouth city yes. Base team voice project include.", "800075", "2021-09-23", "2024-12-16", "3300049", "6100046", "3500046", "1200047" , "3100059");
INSERT INTO Ergo_Epixorigisi (ID_Ergou,Title,Perilipsi,Funding,Start_Date,End_Date,ID_Stelexous,ID_Ereuniti,Program_Address,ID_Axiologisis,ID_Organismou) VALUES ("3700047", "Take  Democrat  story  next.", "Likely easy structure expect quickly physical. Information draw fine might learn miss receive.", "686409", "2020-04-04", "2022-03-22", "3300055", "6100047", "3500047", "1200019" , "3100085");
INSERT INTO Ergo_Epixorigisi (ID_Ergou,Title,Perilipsi,Funding,Start_Date,End_Date,ID_Stelexous,ID_Ereuniti,Program_Address,ID_Axiologisis,ID_Organismou) VALUES ("3700048", "Resource  apply  I  left  beyond  road.", "Trade kitchen former pick seat idea. Act house name your only.", "447060", "2022-05-11", "2025-03-18", "3300044", "6100048", "3500048", "1200087" , "3100081");
INSERT INTO Ergo_Epixorigisi (ID_Ergou,Title,Perilipsi,Funding,Start_Date,End_Date,ID_Stelexous,ID_Ereuniti,Program_Address,ID_Axiologisis,ID_Organismou) VALUES ("3700049", "Involve  nation  can.", "Media course begin choose. Yeah add ever shake identify upon water. Would challenge south picture sense road.", "770367", "2020-07-05", "2022-04-01", "3300078", "6100049", "3500049", "1200091" , "3100021");
INSERT INTO Ergo_Epixorigisi (ID_Ergou,Title,Perilipsi,Funding,Start_Date,End_Date,ID_Stelexous,ID_Ereuniti,Program_Address,ID_Axiologisis,ID_Organismou) VALUES ("3700050", "It  likely  according  military  or.", "Early central current.", "141509", "2019-10-12", "2023-07-19", "3300047", "6100050", "3500050", "1200060" , "3100091");
INSERT INTO Ergo_Epixorigisi (ID_Ergou,Title,Perilipsi,Funding,Start_Date,End_Date,ID_Stelexous,ID_Ereuniti,Program_Address,ID_Axiologisis,ID_Organismou) VALUES ("3700051", "Senior  whole  worry  against  six.", "Now draw sound risk. Data plan return baby painting. Difference myself talk story all democratic.", "926583", "2019-09-12", "2022-03-29", "3300079", "6100051", "3500051", "1200009" , "3100065");
INSERT INTO Ergo_Epixorigisi (ID_Ergou,Title,Perilipsi,Funding,Start_Date,End_Date,ID_Stelexous,ID_Ereuniti,Program_Address,ID_Axiologisis,ID_Organismou) VALUES ("3700052", "Over  yet  training.", "Oil serve include beyond southern agree although. Official event chance building hundred hit.", "899495", "2021-08-27", "2023-01-08", "3300091", "6100052", "3500052", "1200004" , "3100033");
INSERT INTO Ergo_Epixorigisi (ID_Ergou,Title,Perilipsi,Funding,Start_Date,End_Date,ID_Stelexous,ID_Ereuniti,Program_Address,ID_Axiologisis,ID_Organismou) VALUES ("3700053", "Bar  pull  it  reason.", "Spend scene institution foreign friend human. Million lead east campaign others national.", "690594", "2021-06-08", "2024-08-10", "3300061", "6100053", "3500053", "1200065" , "3100078");
INSERT INTO Ergo_Epixorigisi (ID_Ergou,Title,Perilipsi,Funding,Start_Date,End_Date,ID_Stelexous,ID_Ereuniti,Program_Address,ID_Axiologisis,ID_Organismou) VALUES ("3700054", "Loss  off  example.", "Worry hear especially democratic.
Moment western majority such. Clear want page little those rise.", "143578", "2020-07-30", "2022-01-25", "3300058", "6100054", "3500054", "1200062" , "3100003");
INSERT INTO Ergo_Epixorigisi (ID_Ergou,Title,Perilipsi,Funding,Start_Date,End_Date,ID_Stelexous,ID_Ereuniti,Program_Address,ID_Axiologisis,ID_Organismou) VALUES ("3700055", "Between  why  picture  make  serious.", "Maybe plant throw agreement. Through challenge agency senior you.", "991469", "2019-11-15", "2022-03-21", "3300099", "6100055", "3500055", "1200040" , "3100059");
INSERT INTO Ergo_Epixorigisi (ID_Ergou,Title,Perilipsi,Funding,Start_Date,End_Date,ID_Stelexous,ID_Ereuniti,Program_Address,ID_Axiologisis,ID_Organismou) VALUES ("3700056", "Policy  few  old  short.", "Military that health cut player less whether. Street everyone might together today population.", "666703", "2021-11-28", "2025-01-03", "3300060", "6100056", "3500056", "1200056" , "3100029");
INSERT INTO Ergo_Epixorigisi (ID_Ergou,Title,Perilipsi,Funding,Start_Date,End_Date,ID_Stelexous,ID_Ereuniti,Program_Address,ID_Axiologisis,ID_Organismou) VALUES ("3700057", "Capital  believe  near  cell  evening.", "Week manage prevent sometimes road professor ask. Performance word protect work throughout thank.", "293911", "2021-06-18", "2023-04-17", "3300025", "6100057", "3500057", "1200057" , "3100032");
INSERT INTO Ergo_Epixorigisi (ID_Ergou,Title,Perilipsi,Funding,Start_Date,End_Date,ID_Stelexous,ID_Ereuniti,Program_Address,ID_Axiologisis,ID_Organismou) VALUES ("3700058", "Event  side  mouth.", "Could safe sell kind available kid. Policy ahead remain surface. Pay month Congress rather.", "753248", "2021-03-19", "2022-12-05", "3300041", "6100058", "3500058", "1200003" , "3100089");
INSERT INTO Ergo_Epixorigisi (ID_Ergou,Title,Perilipsi,Funding,Start_Date,End_Date,ID_Stelexous,ID_Ereuniti,Program_Address,ID_Axiologisis,ID_Organismou) VALUES ("3700059", "Thank  fund  accept  program  close.", "Behavior staff voice chance hundred Democrat.
Describe former seek effort.", "846018", "2020-06-06", "2021-10-23", "3300014", "6100059", "3500059", "1200030" , "3100061");
INSERT INTO Ergo_Epixorigisi (ID_Ergou,Title,Perilipsi,Funding,Start_Date,End_Date,ID_Stelexous,ID_Ereuniti,Program_Address,ID_Axiologisis,ID_Organismou) VALUES ("3700060", "Model  present  meet  employee.", "Ever somebody alone. By idea factor guess now international where. Factor free charge group.", "293302", "2021-09-09", "2023-01-29", "3300051", "6100060", "3500060", "1200017" , "3100079");
INSERT INTO Ergo_Epixorigisi (ID_Ergou,Title,Perilipsi,Funding,Start_Date,End_Date,ID_Stelexous,ID_Ereuniti,Program_Address,ID_Axiologisis,ID_Organismou) VALUES ("3700061", "Somebody  cold  blue  bag  strategy.", "Describe between so senior. Deep attack technology remember.", "470713", "2020-01-22", "2023-06-04", "3300069", "6100061", "3500061", "1200079" , "3100019");
INSERT INTO Ergo_Epixorigisi (ID_Ergou,Title,Perilipsi,Funding,Start_Date,End_Date,ID_Stelexous,ID_Ereuniti,Program_Address,ID_Axiologisis,ID_Organismou) VALUES ("3700062", "Strategy  someone  process  yeah.", "Indicate land big turn though table simple page. Number enough speech.", "325099", "2020-01-31", "2022-05-18", "3300009", "6100062", "3500062", "1200046" , "3100052");
INSERT INTO Ergo_Epixorigisi (ID_Ergou,Title,Perilipsi,Funding,Start_Date,End_Date,ID_Stelexous,ID_Ereuniti,Program_Address,ID_Axiologisis,ID_Organismou) VALUES ("3700063", "She  foot  sing  stay.", "Rich eat eat summer. Enjoy quickly difficult western pretty center authority particular.", "457729", "2021-07-25", "2024-02-19", "3300027", "6100063", "3500063", "1200081" , "3100049");
INSERT INTO Ergo_Epixorigisi (ID_Ergou,Title,Perilipsi,Funding,Start_Date,End_Date,ID_Stelexous,ID_Ereuniti,Program_Address,ID_Axiologisis,ID_Organismou) VALUES ("3700064", "Similar  rather  your  think.", "Option the thank purpose recognize medical trial. Production interesting small garden agent issue choice.", "739303", "2019-05-25", "2021-08-29", "3300002", "6100064", "3500064", "1200069" , "3100023");
INSERT INTO Ergo_Epixorigisi (ID_Ergou,Title,Perilipsi,Funding,Start_Date,End_Date,ID_Stelexous,ID_Ereuniti,Program_Address,ID_Axiologisis,ID_Organismou) VALUES ("3700065", "Loss  church  make  size  ready.", "East when determine Republican.", "458752", "2020-09-30", "2024-05-14", "3300062", "6100065", "3500065", "1200032" , "3100092");
INSERT INTO Ergo_Epixorigisi (ID_Ergou,Title,Perilipsi,Funding,Start_Date,End_Date,ID_Stelexous,ID_Ereuniti,Program_Address,ID_Axiologisis,ID_Organismou) VALUES ("3700066", "Become  someone  upon  old.", "How market off. Really social imagine painting school piece. Evening every measure whether.", "731463", "2021-10-22", "2025-05-18", "3300080", "6100066", "3500066", "1200039" , "3100039");
INSERT INTO Ergo_Epixorigisi (ID_Ergou,Title,Perilipsi,Funding,Start_Date,End_Date,ID_Stelexous,ID_Ereuniti,Program_Address,ID_Axiologisis,ID_Organismou) VALUES ("3700067", "Mrs  live  hear  through  treat.", "Project do action carry try reason total. Generation discover girl instead hot over save attack.", "815913", "2022-06-02", "2023-06-24", "3300028", "6100067", "3500067", "1200087" , "3100057");
INSERT INTO Ergo_Epixorigisi (ID_Ergou,Title,Perilipsi,Funding,Start_Date,End_Date,ID_Stelexous,ID_Ereuniti,Program_Address,ID_Axiologisis,ID_Organismou) VALUES ("3700068", "Indeed  forget  different.", "Song standard American concern. Life total thank alone.", "597429", "2022-02-13", "2023-02-28", "3300012", "6100068", "3500068", "1200025" , "3100017");
INSERT INTO Ergo_Epixorigisi (ID_Ergou,Title,Perilipsi,Funding,Start_Date,End_Date,ID_Stelexous,ID_Ereuniti,Program_Address,ID_Axiologisis,ID_Organismou) VALUES ("3700069", "Top  challenge  green  necessary.", "Culture bag food page. Nor statement image behavior single argue. Stock kind south total manage.", "336307", "2021-05-12", "2023-08-27", "3300067", "6100069", "3500069", "1200044" , "3100082");
INSERT INTO Ergo_Epixorigisi (ID_Ergou,Title,Perilipsi,Funding,Start_Date,End_Date,ID_Stelexous,ID_Ereuniti,Program_Address,ID_Axiologisis,ID_Organismou) VALUES ("3700070", "Against  energy  radio  school.", "Physical peace song hit.
Reality several development cup ago product. Behavior certainly sort area man state.", "873900", "2021-09-22", "2024-01-26", "3300097", "6100070", "3500070", "1200053" , "3100086");
INSERT INTO Ergo_Epixorigisi (ID_Ergou,Title,Perilipsi,Funding,Start_Date,End_Date,ID_Stelexous,ID_Ereuniti,Program_Address,ID_Axiologisis,ID_Organismou) VALUES ("3700071", "Career  those  talk  all.", "Like news blue follow various finally moment. Usually collection probably most. See news player thought.", "967127", "2020-09-13", "2021-10-23", "3300035", "6100071", "3500071", "1200098" , "3100095");
INSERT INTO Ergo_Epixorigisi (ID_Ergou,Title,Perilipsi,Funding,Start_Date,End_Date,ID_Stelexous,ID_Ereuniti,Program_Address,ID_Axiologisis,ID_Organismou) VALUES ("3700072", "Step  board  off  growth.", "Subject number shake raise.", "462893", "2022-05-04", "2025-07-06", "3300061", "6100072", "3500072", "1200081" , "3100059");
INSERT INTO Ergo_Epixorigisi (ID_Ergou,Title,Perilipsi,Funding,Start_Date,End_Date,ID_Stelexous,ID_Ereuniti,Program_Address,ID_Axiologisis,ID_Organismou) VALUES ("3700073", "Medical  everybody  religious.", "Spend government oil. Listen voice artist hair and rather remember not. These people smile force onto.", "628880", "2021-02-04", "2023-10-23", "3300075", "6100073", "3500073", "1200018" , "3100063");
INSERT INTO Ergo_Epixorigisi (ID_Ergou,Title,Perilipsi,Funding,Start_Date,End_Date,ID_Stelexous,ID_Ereuniti,Program_Address,ID_Axiologisis,ID_Organismou) VALUES ("3700074", "Draw  center  sort  simply  act  him.", "Garden west town hot parent. Support red keep address foreign apply. Few resource player drive.", "740783", "2021-06-08", "2024-02-16", "3300046", "6100074", "3500074", "1200069" , "3100067");
INSERT INTO Ergo_Epixorigisi (ID_Ergou,Title,Perilipsi,Funding,Start_Date,End_Date,ID_Stelexous,ID_Ereuniti,Program_Address,ID_Axiologisis,ID_Organismou) VALUES ("3700075", "Through  visit  sport  ask  speak.", "Good anyone similar never work. Contain make raise truth sound reveal need.", "289699", "2020-08-31", "2023-09-29", "3300015", "6100075", "3500075", "1200094" , "3100061");
INSERT INTO Ergo_Epixorigisi (ID_Ergou,Title,Perilipsi,Funding,Start_Date,End_Date,ID_Stelexous,ID_Ereuniti,Program_Address,ID_Axiologisis,ID_Organismou) VALUES ("3700076", "Compare  between  car  every  fire.", "Beyond face ground first per represent me. Property job dog over reveal third.
Include for role suggest.", "902794", "2020-09-14", "2021-10-02", "3300050", "6100076", "3500076", "1200036" , "3100064");
INSERT INTO Ergo_Epixorigisi (ID_Ergou,Title,Perilipsi,Funding,Start_Date,End_Date,ID_Stelexous,ID_Ereuniti,Program_Address,ID_Axiologisis,ID_Organismou) VALUES ("3700077", "Sit  show  themselves  human  then.", "Seem least north maintain easy executive what. Economy situation father memory doctor write property.", "172636", "2019-12-20", "2021-05-27", "3300066", "6100077", "3500077", "1200097" , "3100071");
INSERT INTO Ergo_Epixorigisi (ID_Ergou,Title,Perilipsi,Funding,Start_Date,End_Date,ID_Stelexous,ID_Ereuniti,Program_Address,ID_Axiologisis,ID_Organismou) VALUES ("3700078", "Travel  trial  detail  rich.", "Tonight right else life. Personal family stage hard talk customer. Mouth north once present.", "943762", "2020-01-07", "2021-10-11", "3300060", "6100078", "3500078", "1200027" , "3100011");
INSERT INTO Ergo_Epixorigisi (ID_Ergou,Title,Perilipsi,Funding,Start_Date,End_Date,ID_Stelexous,ID_Ereuniti,Program_Address,ID_Axiologisis,ID_Organismou) VALUES ("3700079", "Hold  low  direction  value.", "Health prove media dog collection. Hospital cause choice century section spend might.", "791278", "2019-05-07", "2021-02-14", "3300053", "6100079", "3500079", "1200042" , "3100006");
INSERT INTO Ergo_Epixorigisi (ID_Ergou,Title,Perilipsi,Funding,Start_Date,End_Date,ID_Stelexous,ID_Ereuniti,Program_Address,ID_Axiologisis,ID_Organismou) VALUES ("3700080", "Medical  pay  eat  day  foreign  adult.", "Reduce little yard ever million wife store something. Rich tonight difference point soon.", "140909", "2020-07-30", "2022-12-17", "3300091", "6100080", "3500080", "1200067" , "3100097");
INSERT INTO Ergo_Epixorigisi (ID_Ergou,Title,Perilipsi,Funding,Start_Date,End_Date,ID_Stelexous,ID_Ereuniti,Program_Address,ID_Axiologisis,ID_Organismou) VALUES ("3700081", "Away  call  tax  probably  member.", "Life those safe store. Century air run bar.", "323776", "2021-11-08", "2024-03-09", "3300042", "6100081", "3500081", "1200078" , "3100015");
INSERT INTO Ergo_Epixorigisi (ID_Ergou,Title,Perilipsi,Funding,Start_Date,End_Date,ID_Stelexous,ID_Ereuniti,Program_Address,ID_Axiologisis,ID_Organismou) VALUES ("3700082", "Each  read  according  whether.", "Gas official officer ball top conference fight. Suffer on perform husband myself anything ten final.", "839774", "2019-01-01", "2021-10-13", "3300051", "6100082", "3500082", "1200083" , "3100077");
INSERT INTO Ergo_Epixorigisi (ID_Ergou,Title,Perilipsi,Funding,Start_Date,End_Date,ID_Stelexous,ID_Ereuniti,Program_Address,ID_Axiologisis,ID_Organismou) VALUES ("3700083", "Board  think  give  better  check  use.", "Manager consumer remain bring government up show. Which as toward environment reveal.", "158176", "2020-07-21", "2023-07-30", "3300036", "6100083", "3500083", "1200095" , "3100008");
INSERT INTO Ergo_Epixorigisi (ID_Ergou,Title,Perilipsi,Funding,Start_Date,End_Date,ID_Stelexous,ID_Ereuniti,Program_Address,ID_Axiologisis,ID_Organismou) VALUES ("3700084", "Son  fish  sit.", "Simply country professional college fire show yes. Dog protect identify indeed need write may.", "476508", "2021-07-15", "2023-06-03", "3300020", "6100084", "3500084", "1200039" , "3100006");
INSERT INTO Ergo_Epixorigisi (ID_Ergou,Title,Perilipsi,Funding,Start_Date,End_Date,ID_Stelexous,ID_Ereuniti,Program_Address,ID_Axiologisis,ID_Organismou) VALUES ("3700085", "Hold  doctor  which  exist.", "Major according task. Our new door feeling.", "248601", "2020-02-15", "2021-05-02", "3300057", "6100085", "3500085", "1200026" , "3100032");
INSERT INTO Ergo_Epixorigisi (ID_Ergou,Title,Perilipsi,Funding,Start_Date,End_Date,ID_Stelexous,ID_Ereuniti,Program_Address,ID_Axiologisis,ID_Organismou) VALUES ("3700086", "Red  region  many  his  carry.", "Child his environmental building until. Also just best garden local care decade.", "856260", "2021-03-19", "2023-09-21", "3300048", "6100086", "3500086", "1200017" , "3100093");
INSERT INTO Ergo_Epixorigisi (ID_Ergou,Title,Perilipsi,Funding,Start_Date,End_Date,ID_Stelexous,ID_Ereuniti,Program_Address,ID_Axiologisis,ID_Organismou) VALUES ("3700087", "Camera  true  sign  project.", "Door yes indicate try care magazine him. Heavy street about else.", "137908", "2019-03-26", "2021-04-02", "3300092", "6100087", "3500087", "1200004" , "3100094");
INSERT INTO Ergo_Epixorigisi (ID_Ergou,Title,Perilipsi,Funding,Start_Date,End_Date,ID_Stelexous,ID_Ereuniti,Program_Address,ID_Axiologisis,ID_Organismou) VALUES ("3700088", "Pass  region  ago  little  state.", "Southern direction class social.
Art hand what believe.
Take yard hand receive Congress example usually.", "682355", "2022-02-17", "2023-03-29", "3300051", "6100088", "3500088", "1200043" , "3100096");
INSERT INTO Ergo_Epixorigisi (ID_Ergou,Title,Perilipsi,Funding,Start_Date,End_Date,ID_Stelexous,ID_Ereuniti,Program_Address,ID_Axiologisis,ID_Organismou) VALUES ("3700089", "In  garden  save  school.", "Commercial yard rock middle answer approach. Break assume necessary right history officer race.", "452047", "2020-10-07", "2022-09-03", "3300078", "6100089", "3500089", "1200093" , "3100042");
INSERT INTO Ergo_Epixorigisi (ID_Ergou,Title,Perilipsi,Funding,Start_Date,End_Date,ID_Stelexous,ID_Ereuniti,Program_Address,ID_Axiologisis,ID_Organismou) VALUES ("3700090", "Tree  foreign  democratic  community.", "Green different mean character. Similar meet loss risk.
Summer race away by beautiful.", "975736", "2020-07-28", "2022-06-16", "3300064", "6100090", "3500090", "1200047" , "3100013");
INSERT INTO Ergo_Epixorigisi (ID_Ergou,Title,Perilipsi,Funding,Start_Date,End_Date,ID_Stelexous,ID_Ereuniti,Program_Address,ID_Axiologisis,ID_Organismou) VALUES ("3700091", "Daughter  run  draw  car.", "Drive lead account tree perhaps. Evidence see carry herself campaign maybe.", "515468", "2021-01-12", "2024-02-28", "3300052", "6100091", "3500091", "1200046" , "3100003");
INSERT INTO Ergo_Epixorigisi (ID_Ergou,Title,Perilipsi,Funding,Start_Date,End_Date,ID_Stelexous,ID_Ereuniti,Program_Address,ID_Axiologisis,ID_Organismou) VALUES ("3700092", "Future  stay  happy  good  see.", "Coach back I fish character check hotel. Prepare free type imagine painting know. Really stop believe.", "699624", "2020-09-27", "2024-07-17", "3300048", "6100092", "3500092", "1200008" , "3100068");
INSERT INTO Ergo_Epixorigisi (ID_Ergou,Title,Perilipsi,Funding,Start_Date,End_Date,ID_Stelexous,ID_Ereuniti,Program_Address,ID_Axiologisis,ID_Organismou) VALUES ("3700093", "Head  traditional  experience  term.", "American far who expert some. Among lawyer make race member listen woman.", "309697", "2019-03-27", "2022-02-18", "3300047", "6100093", "3500093", "1200040" , "3100017");
INSERT INTO Ergo_Epixorigisi (ID_Ergou,Title,Perilipsi,Funding,Start_Date,End_Date,ID_Stelexous,ID_Ereuniti,Program_Address,ID_Axiologisis,ID_Organismou) VALUES ("3700094", "Choose  see  less  prepare  ok.", "Event if born beautiful agree close. Answer rock take son have alone mean rich.", "925787", "2019-04-30", "2020-07-06", "3300034", "6100094", "3500094", "1200017" , "3100047");
INSERT INTO Ergo_Epixorigisi (ID_Ergou,Title,Perilipsi,Funding,Start_Date,End_Date,ID_Stelexous,ID_Ereuniti,Program_Address,ID_Axiologisis,ID_Organismou) VALUES ("3700095", "History  this  order  color  popular.", "Support garden that education rather. Agree benefit shake.", "577513", "2021-08-27", "2022-12-17", "3300019", "6100095", "3500095", "1200026" , "3100061");
INSERT INTO Ergo_Epixorigisi (ID_Ergou,Title,Perilipsi,Funding,Start_Date,End_Date,ID_Stelexous,ID_Ereuniti,Program_Address,ID_Axiologisis,ID_Organismou) VALUES ("3700096", "Put  growth  administration  thing.", "By feel think adult. Continue city main statement character.", "292347", "2022-01-31", "2025-12-15", "3300058", "6100096", "3500096", "1200026" , "3100082");
INSERT INTO Ergo_Epixorigisi (ID_Ergou,Title,Perilipsi,Funding,Start_Date,End_Date,ID_Stelexous,ID_Ereuniti,Program_Address,ID_Axiologisis,ID_Organismou) VALUES ("3700097", "Wear  risk  close  way.", "Able another then picture sit. Present serious table goal line world.", "223008", "2021-10-12", "2024-04-19", "3300018", "6100097", "3500097", "1200032" , "3100036");
INSERT INTO Ergo_Epixorigisi (ID_Ergou,Title,Perilipsi,Funding,Start_Date,End_Date,ID_Stelexous,ID_Ereuniti,Program_Address,ID_Axiologisis,ID_Organismou) VALUES ("3700098", "Prove  line  entire  economy  sport.", "Story wife participant difficult. Lawyer always hit both per a.", "127417", "2020-07-10", "2023-05-12", "3300007", "6100098", "3500098", "1200096" , "3100052");
INSERT INTO Ergo_Epixorigisi (ID_Ergou,Title,Perilipsi,Funding,Start_Date,End_Date,ID_Stelexous,ID_Ereuniti,Program_Address,ID_Axiologisis,ID_Organismou) VALUES ("3700099", "May  whole  whose  on.", "Nor audience cup between board address. Learn agreement nothing try language mother factor.", "650930", "2020-12-10", "2023-12-28", "3300044", "6100099", "3500099", "1200059" , "3100065");
INSERT INTO Epistimoniko_Pedio_Ergou (Name_Science_Field,ID_Ergou,Code_anaforas) VALUES ("Flagship Projects", "3700000", "0");
INSERT INTO Epistimoniko_Pedio_Ergou (Name_Science_Field,ID_Ergou,Code_anaforas) VALUES ("Science and Society Projects", "3700000", "1");
INSERT INTO Epistimoniko_Pedio_Ergou (Name_Science_Field,ID_Ergou,Code_anaforas) VALUES ("Science and Society Projects", "3700001", "1");
INSERT INTO Epistimoniko_Pedio_Ergou (Name_Science_Field,ID_Ergou,Code_anaforas) VALUES ("Researchers / Faculty Members Projects", "3700002", "2");
INSERT INTO Epistimoniko_Pedio_Ergou (Name_Science_Field,ID_Ergou,Code_anaforas) VALUES ("Renewable Energy Sources", "3700002", "3");
INSERT INTO Epistimoniko_Pedio_Ergou (Name_Science_Field,ID_Ergou,Code_anaforas) VALUES ("Renewable Energy Sources", "3700003", "3");
INSERT INTO Epistimoniko_Pedio_Ergou (Name_Science_Field,ID_Ergou,Code_anaforas) VALUES ("Research Equipment Projects", "3700003", "4");
INSERT INTO Epistimoniko_Pedio_Ergou (Name_Science_Field,ID_Ergou,Code_anaforas) VALUES ("Research Equipment Projects", "3700004", "4");
INSERT INTO Epistimoniko_Pedio_Ergou (Name_Science_Field,ID_Ergou,Code_anaforas) VALUES ("Postdoctoral Fellow Projects", "3700004", "5");
INSERT INTO Epistimoniko_Pedio_Ergou (Name_Science_Field,ID_Ergou,Code_anaforas) VALUES ("Postdoctoral Fellow Projects", "3700005", "5");
INSERT INTO Epistimoniko_Pedio_Ergou (Name_Science_Field,ID_Ergou,Code_anaforas) VALUES ("Doctoral Candidates Projects", "3700005", "6");
INSERT INTO Epistimoniko_Pedio_Ergou (Name_Science_Field,ID_Ergou,Code_anaforas) VALUES ("Flagship Projects", "3700005", "0");
INSERT INTO Epistimoniko_Pedio_Ergou (Name_Science_Field,ID_Ergou,Code_anaforas) VALUES ("Science and Society Projects", "3700005", "1");
INSERT INTO Epistimoniko_Pedio_Ergou (Name_Science_Field,ID_Ergou,Code_anaforas) VALUES ("Doctoral Candidates Projects", "3700006", "6");
INSERT INTO Epistimoniko_Pedio_Ergou (Name_Science_Field,ID_Ergou,Code_anaforas) VALUES ("Flagship Projects", "3700006", "0");
INSERT INTO Epistimoniko_Pedio_Ergou (Name_Science_Field,ID_Ergou,Code_anaforas) VALUES ("Flagship Projects", "3700007", "0");
INSERT INTO Epistimoniko_Pedio_Ergou (Name_Science_Field,ID_Ergou,Code_anaforas) VALUES ("Science and Society Projects", "3700007", "1");
INSERT INTO Epistimoniko_Pedio_Ergou (Name_Science_Field,ID_Ergou,Code_anaforas) VALUES ("Researchers / Faculty Members Projects", "3700007", "2");
INSERT INTO Epistimoniko_Pedio_Ergou (Name_Science_Field,ID_Ergou,Code_anaforas) VALUES ("Renewable Energy Sources", "3700007", "3");
INSERT INTO Epistimoniko_Pedio_Ergou (Name_Science_Field,ID_Ergou,Code_anaforas) VALUES ("Science and Society Projects", "3700008", "1");
INSERT INTO Epistimoniko_Pedio_Ergou (Name_Science_Field,ID_Ergou,Code_anaforas) VALUES ("Researchers / Faculty Members Projects", "3700008", "2");
INSERT INTO Epistimoniko_Pedio_Ergou (Name_Science_Field,ID_Ergou,Code_anaforas) VALUES ("Renewable Energy Sources", "3700008", "3");
INSERT INTO Epistimoniko_Pedio_Ergou (Name_Science_Field,ID_Ergou,Code_anaforas) VALUES ("Researchers / Faculty Members Projects", "3700009", "2");
INSERT INTO Epistimoniko_Pedio_Ergou (Name_Science_Field,ID_Ergou,Code_anaforas) VALUES ("Renewable Energy Sources", "3700009", "3");
INSERT INTO Epistimoniko_Pedio_Ergou (Name_Science_Field,ID_Ergou,Code_anaforas) VALUES ("Research Equipment Projects", "3700009", "4");
INSERT INTO Epistimoniko_Pedio_Ergou (Name_Science_Field,ID_Ergou,Code_anaforas) VALUES ("Renewable Energy Sources", "3700010", "3");
INSERT INTO Epistimoniko_Pedio_Ergou (Name_Science_Field,ID_Ergou,Code_anaforas) VALUES ("Research Equipment Projects", "3700011", "4");
INSERT INTO Epistimoniko_Pedio_Ergou (Name_Science_Field,ID_Ergou,Code_anaforas) VALUES ("Postdoctoral Fellow Projects", "3700012", "5");
INSERT INTO Epistimoniko_Pedio_Ergou (Name_Science_Field,ID_Ergou,Code_anaforas) VALUES ("Doctoral Candidates Projects", "3700012", "6");
INSERT INTO Epistimoniko_Pedio_Ergou (Name_Science_Field,ID_Ergou,Code_anaforas) VALUES ("Doctoral Candidates Projects", "3700013", "6");
INSERT INTO Epistimoniko_Pedio_Ergou (Name_Science_Field,ID_Ergou,Code_anaforas) VALUES ("Flagship Projects", "3700014", "0");
INSERT INTO Epistimoniko_Pedio_Ergou (Name_Science_Field,ID_Ergou,Code_anaforas) VALUES ("Science and Society Projects", "3700015", "1");
INSERT INTO Epistimoniko_Pedio_Ergou (Name_Science_Field,ID_Ergou,Code_anaforas) VALUES ("Researchers / Faculty Members Projects", "3700015", "2");
INSERT INTO Epistimoniko_Pedio_Ergou (Name_Science_Field,ID_Ergou,Code_anaforas) VALUES ("Researchers / Faculty Members Projects", "3700016", "2");
INSERT INTO Epistimoniko_Pedio_Ergou (Name_Science_Field,ID_Ergou,Code_anaforas) VALUES ("Renewable Energy Sources", "3700017", "3");
INSERT INTO Epistimoniko_Pedio_Ergou (Name_Science_Field,ID_Ergou,Code_anaforas) VALUES ("Research Equipment Projects", "3700017", "4");
INSERT INTO Epistimoniko_Pedio_Ergou (Name_Science_Field,ID_Ergou,Code_anaforas) VALUES ("Research Equipment Projects", "3700018", "4");
INSERT INTO Epistimoniko_Pedio_Ergou (Name_Science_Field,ID_Ergou,Code_anaforas) VALUES ("Postdoctoral Fellow Projects", "3700018", "5");
INSERT INTO Epistimoniko_Pedio_Ergou (Name_Science_Field,ID_Ergou,Code_anaforas) VALUES ("Doctoral Candidates Projects", "3700018", "6");
INSERT INTO Epistimoniko_Pedio_Ergou (Name_Science_Field,ID_Ergou,Code_anaforas) VALUES ("Flagship Projects", "3700018", "0");
INSERT INTO Epistimoniko_Pedio_Ergou (Name_Science_Field,ID_Ergou,Code_anaforas) VALUES ("Postdoctoral Fellow Projects", "3700019", "5");
INSERT INTO Epistimoniko_Pedio_Ergou (Name_Science_Field,ID_Ergou,Code_anaforas) VALUES ("Doctoral Candidates Projects", "3700019", "6");
INSERT INTO Epistimoniko_Pedio_Ergou (Name_Science_Field,ID_Ergou,Code_anaforas) VALUES ("Flagship Projects", "3700019", "0");
INSERT INTO Epistimoniko_Pedio_Ergou (Name_Science_Field,ID_Ergou,Code_anaforas) VALUES ("Doctoral Candidates Projects", "3700020", "6");
INSERT INTO Epistimoniko_Pedio_Ergou (Name_Science_Field,ID_Ergou,Code_anaforas) VALUES ("Flagship Projects", "3700021", "0");
INSERT INTO Epistimoniko_Pedio_Ergou (Name_Science_Field,ID_Ergou,Code_anaforas) VALUES ("Science and Society Projects", "3700021", "1");
INSERT INTO Epistimoniko_Pedio_Ergou (Name_Science_Field,ID_Ergou,Code_anaforas) VALUES ("Researchers / Faculty Members Projects", "3700021", "2");
INSERT INTO Epistimoniko_Pedio_Ergou (Name_Science_Field,ID_Ergou,Code_anaforas) VALUES ("Science and Society Projects", "3700022", "1");
INSERT INTO Epistimoniko_Pedio_Ergou (Name_Science_Field,ID_Ergou,Code_anaforas) VALUES ("Researchers / Faculty Members Projects", "3700023", "2");
INSERT INTO Epistimoniko_Pedio_Ergou (Name_Science_Field,ID_Ergou,Code_anaforas) VALUES ("Renewable Energy Sources", "3700023", "3");
INSERT INTO Epistimoniko_Pedio_Ergou (Name_Science_Field,ID_Ergou,Code_anaforas) VALUES ("Renewable Energy Sources", "3700024", "3");
INSERT INTO Epistimoniko_Pedio_Ergou (Name_Science_Field,ID_Ergou,Code_anaforas) VALUES ("Research Equipment Projects", "3700025", "4");
INSERT INTO Epistimoniko_Pedio_Ergou (Name_Science_Field,ID_Ergou,Code_anaforas) VALUES ("Postdoctoral Fellow Projects", "3700025", "5");
INSERT INTO Epistimoniko_Pedio_Ergou (Name_Science_Field,ID_Ergou,Code_anaforas) VALUES ("Postdoctoral Fellow Projects", "3700026", "5");
INSERT INTO Epistimoniko_Pedio_Ergou (Name_Science_Field,ID_Ergou,Code_anaforas) VALUES ("Doctoral Candidates Projects", "3700026", "6");
INSERT INTO Epistimoniko_Pedio_Ergou (Name_Science_Field,ID_Ergou,Code_anaforas) VALUES ("Doctoral Candidates Projects", "3700027", "6");
INSERT INTO Epistimoniko_Pedio_Ergou (Name_Science_Field,ID_Ergou,Code_anaforas) VALUES ("Flagship Projects", "3700027", "0");
INSERT INTO Epistimoniko_Pedio_Ergou (Name_Science_Field,ID_Ergou,Code_anaforas) VALUES ("Flagship Projects", "3700028", "0");
INSERT INTO Epistimoniko_Pedio_Ergou (Name_Science_Field,ID_Ergou,Code_anaforas) VALUES ("Science and Society Projects", "3700029", "1");
INSERT INTO Epistimoniko_Pedio_Ergou (Name_Science_Field,ID_Ergou,Code_anaforas) VALUES ("Researchers / Faculty Members Projects", "3700030", "2");
INSERT INTO Epistimoniko_Pedio_Ergou (Name_Science_Field,ID_Ergou,Code_anaforas) VALUES ("Renewable Energy Sources", "3700030", "3");
INSERT INTO Epistimoniko_Pedio_Ergou (Name_Science_Field,ID_Ergou,Code_anaforas) VALUES ("Renewable Energy Sources", "3700031", "3");
INSERT INTO Epistimoniko_Pedio_Ergou (Name_Science_Field,ID_Ergou,Code_anaforas) VALUES ("Research Equipment Projects", "3700031", "4");
INSERT INTO Epistimoniko_Pedio_Ergou (Name_Science_Field,ID_Ergou,Code_anaforas) VALUES ("Research Equipment Projects", "3700032", "4");
INSERT INTO Epistimoniko_Pedio_Ergou (Name_Science_Field,ID_Ergou,Code_anaforas) VALUES ("Postdoctoral Fellow Projects", "3700032", "5");
INSERT INTO Epistimoniko_Pedio_Ergou (Name_Science_Field,ID_Ergou,Code_anaforas) VALUES ("Doctoral Candidates Projects", "3700032", "6");
INSERT INTO Epistimoniko_Pedio_Ergou (Name_Science_Field,ID_Ergou,Code_anaforas) VALUES ("Flagship Projects", "3700032", "0");
INSERT INTO Epistimoniko_Pedio_Ergou (Name_Science_Field,ID_Ergou,Code_anaforas) VALUES ("Postdoctoral Fellow Projects", "3700033", "5");
INSERT INTO Epistimoniko_Pedio_Ergou (Name_Science_Field,ID_Ergou,Code_anaforas) VALUES ("Doctoral Candidates Projects", "3700033", "6");
INSERT INTO Epistimoniko_Pedio_Ergou (Name_Science_Field,ID_Ergou,Code_anaforas) VALUES ("Flagship Projects", "3700033", "0");
INSERT INTO Epistimoniko_Pedio_Ergou (Name_Science_Field,ID_Ergou,Code_anaforas) VALUES ("Doctoral Candidates Projects", "3700034", "6");
INSERT INTO Epistimoniko_Pedio_Ergou (Name_Science_Field,ID_Ergou,Code_anaforas) VALUES ("Flagship Projects", "3700034", "0");
INSERT INTO Epistimoniko_Pedio_Ergou (Name_Science_Field,ID_Ergou,Code_anaforas) VALUES ("Science and Society Projects", "3700034", "1");
INSERT INTO Epistimoniko_Pedio_Ergou (Name_Science_Field,ID_Ergou,Code_anaforas) VALUES ("Researchers / Faculty Members Projects", "3700034", "2");
INSERT INTO Epistimoniko_Pedio_Ergou (Name_Science_Field,ID_Ergou,Code_anaforas) VALUES ("Flagship Projects", "3700035", "0");
INSERT INTO Epistimoniko_Pedio_Ergou (Name_Science_Field,ID_Ergou,Code_anaforas) VALUES ("Science and Society Projects", "3700035", "1");
INSERT INTO Epistimoniko_Pedio_Ergou (Name_Science_Field,ID_Ergou,Code_anaforas) VALUES ("Researchers / Faculty Members Projects", "3700035", "2");
INSERT INTO Epistimoniko_Pedio_Ergou (Name_Science_Field,ID_Ergou,Code_anaforas) VALUES ("Science and Society Projects", "3700036", "1");
INSERT INTO Epistimoniko_Pedio_Ergou (Name_Science_Field,ID_Ergou,Code_anaforas) VALUES ("Researchers / Faculty Members Projects", "3700036", "2");
INSERT INTO Epistimoniko_Pedio_Ergou (Name_Science_Field,ID_Ergou,Code_anaforas) VALUES ("Renewable Energy Sources", "3700036", "3");
INSERT INTO Epistimoniko_Pedio_Ergou (Name_Science_Field,ID_Ergou,Code_anaforas) VALUES ("Researchers / Faculty Members Projects", "3700037", "2");
INSERT INTO Epistimoniko_Pedio_Ergou (Name_Science_Field,ID_Ergou,Code_anaforas) VALUES ("Renewable Energy Sources", "3700037", "3");
INSERT INTO Epistimoniko_Pedio_Ergou (Name_Science_Field,ID_Ergou,Code_anaforas) VALUES ("Research Equipment Projects", "3700037", "4");
INSERT INTO Epistimoniko_Pedio_Ergou (Name_Science_Field,ID_Ergou,Code_anaforas) VALUES ("Postdoctoral Fellow Projects", "3700037", "5");
INSERT INTO Epistimoniko_Pedio_Ergou (Name_Science_Field,ID_Ergou,Code_anaforas) VALUES ("Renewable Energy Sources", "3700038", "3");
INSERT INTO Epistimoniko_Pedio_Ergou (Name_Science_Field,ID_Ergou,Code_anaforas) VALUES ("Research Equipment Projects", "3700038", "4");
INSERT INTO Epistimoniko_Pedio_Ergou (Name_Science_Field,ID_Ergou,Code_anaforas) VALUES ("Postdoctoral Fellow Projects", "3700038", "5");
INSERT INTO Epistimoniko_Pedio_Ergou (Name_Science_Field,ID_Ergou,Code_anaforas) VALUES ("Research Equipment Projects", "3700039", "4");
INSERT INTO Epistimoniko_Pedio_Ergou (Name_Science_Field,ID_Ergou,Code_anaforas) VALUES ("Postdoctoral Fellow Projects", "3700039", "5");
INSERT INTO Epistimoniko_Pedio_Ergou (Name_Science_Field,ID_Ergou,Code_anaforas) VALUES ("Postdoctoral Fellow Projects", "3700040", "5");
INSERT INTO Epistimoniko_Pedio_Ergou (Name_Science_Field,ID_Ergou,Code_anaforas) VALUES ("Doctoral Candidates Projects", "3700040", "6");
INSERT INTO Epistimoniko_Pedio_Ergou (Name_Science_Field,ID_Ergou,Code_anaforas) VALUES ("Doctoral Candidates Projects", "3700041", "6");
INSERT INTO Epistimoniko_Pedio_Ergou (Name_Science_Field,ID_Ergou,Code_anaforas) VALUES ("Flagship Projects", "3700042", "0");
INSERT INTO Epistimoniko_Pedio_Ergou (Name_Science_Field,ID_Ergou,Code_anaforas) VALUES ("Science and Society Projects", "3700042", "1");
INSERT INTO Epistimoniko_Pedio_Ergou (Name_Science_Field,ID_Ergou,Code_anaforas) VALUES ("Researchers / Faculty Members Projects", "3700042", "2");
INSERT INTO Epistimoniko_Pedio_Ergou (Name_Science_Field,ID_Ergou,Code_anaforas) VALUES ("Renewable Energy Sources", "3700042", "3");
INSERT INTO Epistimoniko_Pedio_Ergou (Name_Science_Field,ID_Ergou,Code_anaforas) VALUES ("Science and Society Projects", "3700043", "1");
INSERT INTO Epistimoniko_Pedio_Ergou (Name_Science_Field,ID_Ergou,Code_anaforas) VALUES ("Researchers / Faculty Members Projects", "3700044", "2");
INSERT INTO Epistimoniko_Pedio_Ergou (Name_Science_Field,ID_Ergou,Code_anaforas) VALUES ("Renewable Energy Sources", "3700044", "3");
INSERT INTO Epistimoniko_Pedio_Ergou (Name_Science_Field,ID_Ergou,Code_anaforas) VALUES ("Research Equipment Projects", "3700044", "4");
INSERT INTO Epistimoniko_Pedio_Ergou (Name_Science_Field,ID_Ergou,Code_anaforas) VALUES ("Postdoctoral Fellow Projects", "3700044", "5");
INSERT INTO Epistimoniko_Pedio_Ergou (Name_Science_Field,ID_Ergou,Code_anaforas) VALUES ("Renewable Energy Sources", "3700045", "3");
INSERT INTO Epistimoniko_Pedio_Ergou (Name_Science_Field,ID_Ergou,Code_anaforas) VALUES ("Research Equipment Projects", "3700046", "4");
INSERT INTO Epistimoniko_Pedio_Ergou (Name_Science_Field,ID_Ergou,Code_anaforas) VALUES ("Postdoctoral Fellow Projects", "3700046", "5");
INSERT INTO Epistimoniko_Pedio_Ergou (Name_Science_Field,ID_Ergou,Code_anaforas) VALUES ("Doctoral Candidates Projects", "3700046", "6");
INSERT INTO Epistimoniko_Pedio_Ergou (Name_Science_Field,ID_Ergou,Code_anaforas) VALUES ("Postdoctoral Fellow Projects", "3700047", "5");
INSERT INTO Epistimoniko_Pedio_Ergou (Name_Science_Field,ID_Ergou,Code_anaforas) VALUES ("Doctoral Candidates Projects", "3700048", "6");
INSERT INTO Epistimoniko_Pedio_Ergou (Name_Science_Field,ID_Ergou,Code_anaforas) VALUES ("Flagship Projects", "3700048", "0");
INSERT INTO Epistimoniko_Pedio_Ergou (Name_Science_Field,ID_Ergou,Code_anaforas) VALUES ("Science and Society Projects", "3700048", "1");
INSERT INTO Epistimoniko_Pedio_Ergou (Name_Science_Field,ID_Ergou,Code_anaforas) VALUES ("Researchers / Faculty Members Projects", "3700048", "2");
INSERT INTO Epistimoniko_Pedio_Ergou (Name_Science_Field,ID_Ergou,Code_anaforas) VALUES ("Flagship Projects", "3700049", "0");
INSERT INTO Epistimoniko_Pedio_Ergou (Name_Science_Field,ID_Ergou,Code_anaforas) VALUES ("Science and Society Projects", "3700050", "1");
INSERT INTO Epistimoniko_Pedio_Ergou (Name_Science_Field,ID_Ergou,Code_anaforas) VALUES ("Researchers / Faculty Members Projects", "3700050", "2");
INSERT INTO Epistimoniko_Pedio_Ergou (Name_Science_Field,ID_Ergou,Code_anaforas) VALUES ("Researchers / Faculty Members Projects", "3700051", "2");
INSERT INTO Epistimoniko_Pedio_Ergou (Name_Science_Field,ID_Ergou,Code_anaforas) VALUES ("Renewable Energy Sources", "3700052", "3");
INSERT INTO Epistimoniko_Pedio_Ergou (Name_Science_Field,ID_Ergou,Code_anaforas) VALUES ("Research Equipment Projects", "3700053", "4");
INSERT INTO Epistimoniko_Pedio_Ergou (Name_Science_Field,ID_Ergou,Code_anaforas) VALUES ("Postdoctoral Fellow Projects", "3700053", "5");
INSERT INTO Epistimoniko_Pedio_Ergou (Name_Science_Field,ID_Ergou,Code_anaforas) VALUES ("Postdoctoral Fellow Projects", "3700054", "5");
INSERT INTO Epistimoniko_Pedio_Ergou (Name_Science_Field,ID_Ergou,Code_anaforas) VALUES ("Doctoral Candidates Projects", "3700054", "6");
INSERT INTO Epistimoniko_Pedio_Ergou (Name_Science_Field,ID_Ergou,Code_anaforas) VALUES ("Flagship Projects", "3700054", "0");
INSERT INTO Epistimoniko_Pedio_Ergou (Name_Science_Field,ID_Ergou,Code_anaforas) VALUES ("Science and Society Projects", "3700054", "1");
INSERT INTO Epistimoniko_Pedio_Ergou (Name_Science_Field,ID_Ergou,Code_anaforas) VALUES ("Doctoral Candidates Projects", "3700055", "6");
INSERT INTO Epistimoniko_Pedio_Ergou (Name_Science_Field,ID_Ergou,Code_anaforas) VALUES ("Flagship Projects", "3700055", "0");
INSERT INTO Epistimoniko_Pedio_Ergou (Name_Science_Field,ID_Ergou,Code_anaforas) VALUES ("Science and Society Projects", "3700055", "1");
INSERT INTO Epistimoniko_Pedio_Ergou (Name_Science_Field,ID_Ergou,Code_anaforas) VALUES ("Flagship Projects", "3700056", "0");
INSERT INTO Epistimoniko_Pedio_Ergou (Name_Science_Field,ID_Ergou,Code_anaforas) VALUES ("Science and Society Projects", "3700056", "1");
INSERT INTO Epistimoniko_Pedio_Ergou (Name_Science_Field,ID_Ergou,Code_anaforas) VALUES ("Researchers / Faculty Members Projects", "3700056", "2");
INSERT INTO Epistimoniko_Pedio_Ergou (Name_Science_Field,ID_Ergou,Code_anaforas) VALUES ("Renewable Energy Sources", "3700056", "3");
INSERT INTO Epistimoniko_Pedio_Ergou (Name_Science_Field,ID_Ergou,Code_anaforas) VALUES ("Science and Society Projects", "3700057", "1");
INSERT INTO Epistimoniko_Pedio_Ergou (Name_Science_Field,ID_Ergou,Code_anaforas) VALUES ("Researchers / Faculty Members Projects", "3700057", "2");
INSERT INTO Epistimoniko_Pedio_Ergou (Name_Science_Field,ID_Ergou,Code_anaforas) VALUES ("Researchers / Faculty Members Projects", "3700058", "2");
INSERT INTO Epistimoniko_Pedio_Ergou (Name_Science_Field,ID_Ergou,Code_anaforas) VALUES ("Renewable Energy Sources", "3700059", "3");
INSERT INTO Epistimoniko_Pedio_Ergou (Name_Science_Field,ID_Ergou,Code_anaforas) VALUES ("Research Equipment Projects", "3700059", "4");
INSERT INTO Epistimoniko_Pedio_Ergou (Name_Science_Field,ID_Ergou,Code_anaforas) VALUES ("Postdoctoral Fellow Projects", "3700059", "5");
INSERT INTO Epistimoniko_Pedio_Ergou (Name_Science_Field,ID_Ergou,Code_anaforas) VALUES ("Doctoral Candidates Projects", "3700059", "6");
INSERT INTO Epistimoniko_Pedio_Ergou (Name_Science_Field,ID_Ergou,Code_anaforas) VALUES ("Research Equipment Projects", "3700060", "4");
INSERT INTO Epistimoniko_Pedio_Ergou (Name_Science_Field,ID_Ergou,Code_anaforas) VALUES ("Postdoctoral Fellow Projects", "3700060", "5");
INSERT INTO Epistimoniko_Pedio_Ergou (Name_Science_Field,ID_Ergou,Code_anaforas) VALUES ("Doctoral Candidates Projects", "3700060", "6");
INSERT INTO Epistimoniko_Pedio_Ergou (Name_Science_Field,ID_Ergou,Code_anaforas) VALUES ("Postdoctoral Fellow Projects", "3700061", "5");
INSERT INTO Epistimoniko_Pedio_Ergou (Name_Science_Field,ID_Ergou,Code_anaforas) VALUES ("Doctoral Candidates Projects", "3700061", "6");
INSERT INTO Epistimoniko_Pedio_Ergou (Name_Science_Field,ID_Ergou,Code_anaforas) VALUES ("Flagship Projects", "3700061", "0");
INSERT INTO Epistimoniko_Pedio_Ergou (Name_Science_Field,ID_Ergou,Code_anaforas) VALUES ("Doctoral Candidates Projects", "3700062", "6");
INSERT INTO Epistimoniko_Pedio_Ergou (Name_Science_Field,ID_Ergou,Code_anaforas) VALUES ("Flagship Projects", "3700063", "0");
INSERT INTO Epistimoniko_Pedio_Ergou (Name_Science_Field,ID_Ergou,Code_anaforas) VALUES ("Science and Society Projects", "3700063", "1");
INSERT INTO Epistimoniko_Pedio_Ergou (Name_Science_Field,ID_Ergou,Code_anaforas) VALUES ("Science and Society Projects", "3700064", "1");
INSERT INTO Epistimoniko_Pedio_Ergou (Name_Science_Field,ID_Ergou,Code_anaforas) VALUES ("Researchers / Faculty Members Projects", "3700064", "2");
INSERT INTO Epistimoniko_Pedio_Ergou (Name_Science_Field,ID_Ergou,Code_anaforas) VALUES ("Renewable Energy Sources", "3700064", "3");
INSERT INTO Epistimoniko_Pedio_Ergou (Name_Science_Field,ID_Ergou,Code_anaforas) VALUES ("Research Equipment Projects", "3700064", "4");
INSERT INTO Epistimoniko_Pedio_Ergou (Name_Science_Field,ID_Ergou,Code_anaforas) VALUES ("Researchers / Faculty Members Projects", "3700065", "2");
INSERT INTO Epistimoniko_Pedio_Ergou (Name_Science_Field,ID_Ergou,Code_anaforas) VALUES ("Renewable Energy Sources", "3700065", "3");
INSERT INTO Epistimoniko_Pedio_Ergou (Name_Science_Field,ID_Ergou,Code_anaforas) VALUES ("Research Equipment Projects", "3700065", "4");
INSERT INTO Epistimoniko_Pedio_Ergou (Name_Science_Field,ID_Ergou,Code_anaforas) VALUES ("Postdoctoral Fellow Projects", "3700065", "5");
INSERT INTO Epistimoniko_Pedio_Ergou (Name_Science_Field,ID_Ergou,Code_anaforas) VALUES ("Renewable Energy Sources", "3700066", "3");
INSERT INTO Epistimoniko_Pedio_Ergou (Name_Science_Field,ID_Ergou,Code_anaforas) VALUES ("Research Equipment Projects", "3700066", "4");
INSERT INTO Epistimoniko_Pedio_Ergou (Name_Science_Field,ID_Ergou,Code_anaforas) VALUES ("Research Equipment Projects", "3700067", "4");
INSERT INTO Epistimoniko_Pedio_Ergou (Name_Science_Field,ID_Ergou,Code_anaforas) VALUES ("Postdoctoral Fellow Projects", "3700068", "5");
INSERT INTO Epistimoniko_Pedio_Ergou (Name_Science_Field,ID_Ergou,Code_anaforas) VALUES ("Doctoral Candidates Projects", "3700068", "6");
INSERT INTO Epistimoniko_Pedio_Ergou (Name_Science_Field,ID_Ergou,Code_anaforas) VALUES ("Flagship Projects", "3700068", "0");
INSERT INTO Epistimoniko_Pedio_Ergou (Name_Science_Field,ID_Ergou,Code_anaforas) VALUES ("Doctoral Candidates Projects", "3700069", "6");
INSERT INTO Epistimoniko_Pedio_Ergou (Name_Science_Field,ID_Ergou,Code_anaforas) VALUES ("Flagship Projects", "3700069", "0");
INSERT INTO Epistimoniko_Pedio_Ergou (Name_Science_Field,ID_Ergou,Code_anaforas) VALUES ("Science and Society Projects", "3700069", "1");
INSERT INTO Epistimoniko_Pedio_Ergou (Name_Science_Field,ID_Ergou,Code_anaforas) VALUES ("Flagship Projects", "3700070", "0");
INSERT INTO Epistimoniko_Pedio_Ergou (Name_Science_Field,ID_Ergou,Code_anaforas) VALUES ("Science and Society Projects", "3700070", "1");
INSERT INTO Epistimoniko_Pedio_Ergou (Name_Science_Field,ID_Ergou,Code_anaforas) VALUES ("Science and Society Projects", "3700071", "1");
INSERT INTO Epistimoniko_Pedio_Ergou (Name_Science_Field,ID_Ergou,Code_anaforas) VALUES ("Researchers / Faculty Members Projects", "3700071", "2");
INSERT INTO Epistimoniko_Pedio_Ergou (Name_Science_Field,ID_Ergou,Code_anaforas) VALUES ("Researchers / Faculty Members Projects", "3700072", "2");
INSERT INTO Epistimoniko_Pedio_Ergou (Name_Science_Field,ID_Ergou,Code_anaforas) VALUES ("Renewable Energy Sources", "3700072", "3");
INSERT INTO Epistimoniko_Pedio_Ergou (Name_Science_Field,ID_Ergou,Code_anaforas) VALUES ("Renewable Energy Sources", "3700073", "3");
INSERT INTO Epistimoniko_Pedio_Ergou (Name_Science_Field,ID_Ergou,Code_anaforas) VALUES ("Research Equipment Projects", "3700074", "4");
INSERT INTO Epistimoniko_Pedio_Ergou (Name_Science_Field,ID_Ergou,Code_anaforas) VALUES ("Postdoctoral Fellow Projects", "3700075", "5");
INSERT INTO Epistimoniko_Pedio_Ergou (Name_Science_Field,ID_Ergou,Code_anaforas) VALUES ("Doctoral Candidates Projects", "3700075", "6");
INSERT INTO Epistimoniko_Pedio_Ergou (Name_Science_Field,ID_Ergou,Code_anaforas) VALUES ("Doctoral Candidates Projects", "3700076", "6");
INSERT INTO Epistimoniko_Pedio_Ergou (Name_Science_Field,ID_Ergou,Code_anaforas) VALUES ("Flagship Projects", "3700076", "0");
INSERT INTO Epistimoniko_Pedio_Ergou (Name_Science_Field,ID_Ergou,Code_anaforas) VALUES ("Science and Society Projects", "3700076", "1");
INSERT INTO Epistimoniko_Pedio_Ergou (Name_Science_Field,ID_Ergou,Code_anaforas) VALUES ("Researchers / Faculty Members Projects", "3700076", "2");
INSERT INTO Epistimoniko_Pedio_Ergou (Name_Science_Field,ID_Ergou,Code_anaforas) VALUES ("Flagship Projects", "3700077", "0");
INSERT INTO Epistimoniko_Pedio_Ergou (Name_Science_Field,ID_Ergou,Code_anaforas) VALUES ("Science and Society Projects", "3700077", "1");
INSERT INTO Epistimoniko_Pedio_Ergou (Name_Science_Field,ID_Ergou,Code_anaforas) VALUES ("Researchers / Faculty Members Projects", "3700077", "2");
INSERT INTO Epistimoniko_Pedio_Ergou (Name_Science_Field,ID_Ergou,Code_anaforas) VALUES ("Renewable Energy Sources", "3700077", "3");
INSERT INTO Epistimoniko_Pedio_Ergou (Name_Science_Field,ID_Ergou,Code_anaforas) VALUES ("Science and Society Projects", "3700078", "1");
INSERT INTO Epistimoniko_Pedio_Ergou (Name_Science_Field,ID_Ergou,Code_anaforas) VALUES ("Researchers / Faculty Members Projects", "3700079", "2");
INSERT INTO Epistimoniko_Pedio_Ergou (Name_Science_Field,ID_Ergou,Code_anaforas) VALUES ("Renewable Energy Sources", "3700080", "3");
INSERT INTO Epistimoniko_Pedio_Ergou (Name_Science_Field,ID_Ergou,Code_anaforas) VALUES ("Research Equipment Projects", "3700080", "4");
INSERT INTO Epistimoniko_Pedio_Ergou (Name_Science_Field,ID_Ergou,Code_anaforas) VALUES ("Postdoctoral Fellow Projects", "3700080", "5");
INSERT INTO Epistimoniko_Pedio_Ergou (Name_Science_Field,ID_Ergou,Code_anaforas) VALUES ("Research Equipment Projects", "3700081", "4");
INSERT INTO Epistimoniko_Pedio_Ergou (Name_Science_Field,ID_Ergou,Code_anaforas) VALUES ("Postdoctoral Fellow Projects", "3700081", "5");
INSERT INTO Epistimoniko_Pedio_Ergou (Name_Science_Field,ID_Ergou,Code_anaforas) VALUES ("Postdoctoral Fellow Projects", "3700082", "5");
INSERT INTO Epistimoniko_Pedio_Ergou (Name_Science_Field,ID_Ergou,Code_anaforas) VALUES ("Doctoral Candidates Projects", "3700082", "6");
INSERT INTO Epistimoniko_Pedio_Ergou (Name_Science_Field,ID_Ergou,Code_anaforas) VALUES ("Doctoral Candidates Projects", "3700083", "6");
INSERT INTO Epistimoniko_Pedio_Ergou (Name_Science_Field,ID_Ergou,Code_anaforas) VALUES ("Flagship Projects", "3700084", "0");
INSERT INTO Epistimoniko_Pedio_Ergou (Name_Science_Field,ID_Ergou,Code_anaforas) VALUES ("Science and Society Projects", "3700084", "1");
INSERT INTO Epistimoniko_Pedio_Ergou (Name_Science_Field,ID_Ergou,Code_anaforas) VALUES ("Researchers / Faculty Members Projects", "3700084", "2");
INSERT INTO Epistimoniko_Pedio_Ergou (Name_Science_Field,ID_Ergou,Code_anaforas) VALUES ("Science and Society Projects", "3700085", "1");
INSERT INTO Epistimoniko_Pedio_Ergou (Name_Science_Field,ID_Ergou,Code_anaforas) VALUES ("Researchers / Faculty Members Projects", "3700086", "2");
INSERT INTO Epistimoniko_Pedio_Ergou (Name_Science_Field,ID_Ergou,Code_anaforas) VALUES ("Renewable Energy Sources", "3700087", "3");
INSERT INTO Epistimoniko_Pedio_Ergou (Name_Science_Field,ID_Ergou,Code_anaforas) VALUES ("Research Equipment Projects", "3700087", "4");
INSERT INTO Epistimoniko_Pedio_Ergou (Name_Science_Field,ID_Ergou,Code_anaforas) VALUES ("Research Equipment Projects", "3700088", "4");
INSERT INTO Epistimoniko_Pedio_Ergou (Name_Science_Field,ID_Ergou,Code_anaforas) VALUES ("Postdoctoral Fellow Projects", "3700089", "5");
INSERT INTO Epistimoniko_Pedio_Ergou (Name_Science_Field,ID_Ergou,Code_anaforas) VALUES ("Doctoral Candidates Projects", "3700089", "6");
INSERT INTO Epistimoniko_Pedio_Ergou (Name_Science_Field,ID_Ergou,Code_anaforas) VALUES ("Flagship Projects", "3700089", "0");
INSERT INTO Epistimoniko_Pedio_Ergou (Name_Science_Field,ID_Ergou,Code_anaforas) VALUES ("Doctoral Candidates Projects", "3700090", "6");
INSERT INTO Epistimoniko_Pedio_Ergou (Name_Science_Field,ID_Ergou,Code_anaforas) VALUES ("Flagship Projects", "3700090", "0");
INSERT INTO Epistimoniko_Pedio_Ergou (Name_Science_Field,ID_Ergou,Code_anaforas) VALUES ("Science and Society Projects", "3700090", "1");
INSERT INTO Epistimoniko_Pedio_Ergou (Name_Science_Field,ID_Ergou,Code_anaforas) VALUES ("Researchers / Faculty Members Projects", "3700090", "2");
INSERT INTO Epistimoniko_Pedio_Ergou (Name_Science_Field,ID_Ergou,Code_anaforas) VALUES ("Flagship Projects", "3700091", "0");
INSERT INTO Epistimoniko_Pedio_Ergou (Name_Science_Field,ID_Ergou,Code_anaforas) VALUES ("Science and Society Projects", "3700091", "1");
INSERT INTO Epistimoniko_Pedio_Ergou (Name_Science_Field,ID_Ergou,Code_anaforas) VALUES ("Researchers / Faculty Members Projects", "3700091", "2");
INSERT INTO Epistimoniko_Pedio_Ergou (Name_Science_Field,ID_Ergou,Code_anaforas) VALUES ("Science and Society Projects", "3700092", "1");
INSERT INTO Epistimoniko_Pedio_Ergou (Name_Science_Field,ID_Ergou,Code_anaforas) VALUES ("Researchers / Faculty Members Projects", "3700092", "2");
INSERT INTO Epistimoniko_Pedio_Ergou (Name_Science_Field,ID_Ergou,Code_anaforas) VALUES ("Researchers / Faculty Members Projects", "3700093", "2");
INSERT INTO Epistimoniko_Pedio_Ergou (Name_Science_Field,ID_Ergou,Code_anaforas) VALUES ("Renewable Energy Sources", "3700093", "3");
INSERT INTO Epistimoniko_Pedio_Ergou (Name_Science_Field,ID_Ergou,Code_anaforas) VALUES ("Research Equipment Projects", "3700093", "4");
INSERT INTO Epistimoniko_Pedio_Ergou (Name_Science_Field,ID_Ergou,Code_anaforas) VALUES ("Renewable Energy Sources", "3700094", "3");
INSERT INTO Epistimoniko_Pedio_Ergou (Name_Science_Field,ID_Ergou,Code_anaforas) VALUES ("Research Equipment Projects", "3700094", "4");
INSERT INTO Epistimoniko_Pedio_Ergou (Name_Science_Field,ID_Ergou,Code_anaforas) VALUES ("Research Equipment Projects", "3700095", "4");
INSERT INTO Epistimoniko_Pedio_Ergou (Name_Science_Field,ID_Ergou,Code_anaforas) VALUES ("Postdoctoral Fellow Projects", "3700095", "5");
INSERT INTO Epistimoniko_Pedio_Ergou (Name_Science_Field,ID_Ergou,Code_anaforas) VALUES ("Doctoral Candidates Projects", "3700095", "6");
INSERT INTO Epistimoniko_Pedio_Ergou (Name_Science_Field,ID_Ergou,Code_anaforas) VALUES ("Postdoctoral Fellow Projects", "3700096", "5");
INSERT INTO Epistimoniko_Pedio_Ergou (Name_Science_Field,ID_Ergou,Code_anaforas) VALUES ("Doctoral Candidates Projects", "3700097", "6");
INSERT INTO Epistimoniko_Pedio_Ergou (Name_Science_Field,ID_Ergou,Code_anaforas) VALUES ("Flagship Projects", "3700097", "0");
INSERT INTO Epistimoniko_Pedio_Ergou (Name_Science_Field,ID_Ergou,Code_anaforas) VALUES ("Science and Society Projects", "3700097", "1");
INSERT INTO Epistimoniko_Pedio_Ergou (Name_Science_Field,ID_Ergou,Code_anaforas) VALUES ("Flagship Projects", "3700098", "0");
INSERT INTO Epistimoniko_Pedio_Ergou (Name_Science_Field,ID_Ergou,Code_anaforas) VALUES ("Science and Society Projects", "3700098", "1");
INSERT INTO Epistimoniko_Pedio_Ergou (Name_Science_Field,ID_Ergou,Code_anaforas) VALUES ("Science and Society Projects", "3700099", "1");
INSERT INTO University (University,ID_Organismou,Budget_from_Ministry_of_Education) VALUES ("University AKE", "3100000", "165783");
INSERT INTO University (University,ID_Organismou,Budget_from_Ministry_of_Education) VALUES ("University AJX", "3100003", "650571");
INSERT INTO University (University,ID_Organismou,Budget_from_Ministry_of_Education) VALUES ("University ICC", "3100006", "781251");
INSERT INTO University (University,ID_Organismou,Budget_from_Ministry_of_Education) VALUES ("University SOH", "3100009", "785411");
INSERT INTO University (University,ID_Organismou,Budget_from_Ministry_of_Education) VALUES ("University BLQ", "3100012", "529876");
INSERT INTO University (University,ID_Organismou,Budget_from_Ministry_of_Education) VALUES ("University XGM", "3100015", "656606");
INSERT INTO University (University,ID_Organismou,Budget_from_Ministry_of_Education) VALUES ("University FDI", "3100018", "127055");
INSERT INTO University (University,ID_Organismou,Budget_from_Ministry_of_Education) VALUES ("University OMQ", "3100021", "395275");
INSERT INTO University (University,ID_Organismou,Budget_from_Ministry_of_Education) VALUES ("University JVT", "3100024", "567099");
INSERT INTO University (University,ID_Organismou,Budget_from_Ministry_of_Education) VALUES ("University VYX", "3100027", "742532");
INSERT INTO University (University,ID_Organismou,Budget_from_Ministry_of_Education) VALUES ("University AQN", "3100030", "580875");
INSERT INTO University (University,ID_Organismou,Budget_from_Ministry_of_Education) VALUES ("University EJT", "3100033", "421066");
INSERT INTO University (University,ID_Organismou,Budget_from_Ministry_of_Education) VALUES ("University HPT", "3100036", "187542");
INSERT INTO University (University,ID_Organismou,Budget_from_Ministry_of_Education) VALUES ("University PYJ", "3100039", "848025");
INSERT INTO University (University,ID_Organismou,Budget_from_Ministry_of_Education) VALUES ("University GOH", "3100042", "108430");
INSERT INTO University (University,ID_Organismou,Budget_from_Ministry_of_Education) VALUES ("University CJN", "3100045", "993798");
INSERT INTO University (University,ID_Organismou,Budget_from_Ministry_of_Education) VALUES ("University XCS", "3100048", "572883");
INSERT INTO University (University,ID_Organismou,Budget_from_Ministry_of_Education) VALUES ("University DFT", "3100051", "161626");
INSERT INTO University (University,ID_Organismou,Budget_from_Ministry_of_Education) VALUES ("University HRP", "3100054", "199676");
INSERT INTO University (University,ID_Organismou,Budget_from_Ministry_of_Education) VALUES ("University NPR", "3100057", "133837");
INSERT INTO University (University,ID_Organismou,Budget_from_Ministry_of_Education) VALUES ("University VEI", "3100060", "470441");
INSERT INTO University (University,ID_Organismou,Budget_from_Ministry_of_Education) VALUES ("University XQK", "3100063", "695903");
INSERT INTO University (University,ID_Organismou,Budget_from_Ministry_of_Education) VALUES ("University KUP", "3100066", "406511");
INSERT INTO University (University,ID_Organismou,Budget_from_Ministry_of_Education) VALUES ("University DDI", "3100069", "240632");
INSERT INTO University (University,ID_Organismou,Budget_from_Ministry_of_Education) VALUES ("University QXY", "3100072", "787725");
INSERT INTO University (University,ID_Organismou,Budget_from_Ministry_of_Education) VALUES ("University OOA", "3100075", "822504");
INSERT INTO University (University,ID_Organismou,Budget_from_Ministry_of_Education) VALUES ("University BPC", "3100078", "940491");
INSERT INTO University (University,ID_Organismou,Budget_from_Ministry_of_Education) VALUES ("University JHY", "3100081", "886317");
INSERT INTO University (University,ID_Organismou,Budget_from_Ministry_of_Education) VALUES ("University RUN", "3100084", "484322");
INSERT INTO University (University,ID_Organismou,Budget_from_Ministry_of_Education) VALUES ("University EMC", "3100087", "278000");
INSERT INTO University (University,ID_Organismou,Budget_from_Ministry_of_Education) VALUES ("University GRY", "3100090", "449047");
INSERT INTO University (University,ID_Organismou,Budget_from_Ministry_of_Education) VALUES ("University HAJ", "3100093", "475910");
INSERT INTO University (University,ID_Organismou,Budget_from_Ministry_of_Education) VALUES ("University QSC", "3100096", "634239");
INSERT INTO University (University,ID_Organismou,Budget_from_Ministry_of_Education) VALUES ("University TZZ", "3100099", "126461");
INSERT INTO Research_Center (Research_Center,ID_Organismou,Budget_from_Ministry,Budget_from_Individuals) VALUES ("Research Center VHI", "3100002", "571125", "828958");
INSERT INTO Research_Center (Research_Center,ID_Organismou,Budget_from_Ministry,Budget_from_Individuals) VALUES ("Research Center RBR", "3100005", "602210", "131073");
INSERT INTO Research_Center (Research_Center,ID_Organismou,Budget_from_Ministry,Budget_from_Individuals) VALUES ("Research Center QMJ", "3100008", "880997", "688148");
INSERT INTO Research_Center (Research_Center,ID_Organismou,Budget_from_Ministry,Budget_from_Individuals) VALUES ("Research Center GZA", "3100011", "724474", "154863");
INSERT INTO Research_Center (Research_Center,ID_Organismou,Budget_from_Ministry,Budget_from_Individuals) VALUES ("Research Center BDN", "3100014", "173505", "229279");
INSERT INTO Research_Center (Research_Center,ID_Organismou,Budget_from_Ministry,Budget_from_Individuals) VALUES ("Research Center KXA", "3100017", "960509", "210472");
INSERT INTO Research_Center (Research_Center,ID_Organismou,Budget_from_Ministry,Budget_from_Individuals) VALUES ("Research Center PRJ", "3100020", "638020", "402625");
INSERT INTO Research_Center (Research_Center,ID_Organismou,Budget_from_Ministry,Budget_from_Individuals) VALUES ("Research Center TWI", "3100023", "532662", "372088");
INSERT INTO Research_Center (Research_Center,ID_Organismou,Budget_from_Ministry,Budget_from_Individuals) VALUES ("Research Center BAY", "3100026", "778877", "923723");
INSERT INTO Research_Center (Research_Center,ID_Organismou,Budget_from_Ministry,Budget_from_Individuals) VALUES ("Research Center GAB", "3100029", "897272", "191833");
INSERT INTO Research_Center (Research_Center,ID_Organismou,Budget_from_Ministry,Budget_from_Individuals) VALUES ("Research Center MEW", "3100032", "964293", "980786");
INSERT INTO Research_Center (Research_Center,ID_Organismou,Budget_from_Ministry,Budget_from_Individuals) VALUES ("Research Center IQD", "3100035", "259566", "539436");
INSERT INTO Research_Center (Research_Center,ID_Organismou,Budget_from_Ministry,Budget_from_Individuals) VALUES ("Research Center ROW", "3100038", "639175", "566115");
INSERT INTO Research_Center (Research_Center,ID_Organismou,Budget_from_Ministry,Budget_from_Individuals) VALUES ("Research Center FAM", "3100041", "928039", "877164");
INSERT INTO Research_Center (Research_Center,ID_Organismou,Budget_from_Ministry,Budget_from_Individuals) VALUES ("Research Center JXB", "3100044", "311873", "177372");
INSERT INTO Research_Center (Research_Center,ID_Organismou,Budget_from_Ministry,Budget_from_Individuals) VALUES ("Research Center DIR", "3100047", "355237", "808826");
INSERT INTO Research_Center (Research_Center,ID_Organismou,Budget_from_Ministry,Budget_from_Individuals) VALUES ("Research Center SIN", "3100050", "342804", "204416");
INSERT INTO Research_Center (Research_Center,ID_Organismou,Budget_from_Ministry,Budget_from_Individuals) VALUES ("Research Center WXE", "3100053", "430891", "707506");
INSERT INTO Research_Center (Research_Center,ID_Organismou,Budget_from_Ministry,Budget_from_Individuals) VALUES ("Research Center EMF", "3100056", "307443", "277923");
INSERT INTO Research_Center (Research_Center,ID_Organismou,Budget_from_Ministry,Budget_from_Individuals) VALUES ("Research Center FYW", "3100059", "672731", "620853");
INSERT INTO Research_Center (Research_Center,ID_Organismou,Budget_from_Ministry,Budget_from_Individuals) VALUES ("Research Center WOM", "3100062", "395359", "766413");
INSERT INTO Research_Center (Research_Center,ID_Organismou,Budget_from_Ministry,Budget_from_Individuals) VALUES ("Research Center MAE", "3100065", "980637", "923692");
INSERT INTO Research_Center (Research_Center,ID_Organismou,Budget_from_Ministry,Budget_from_Individuals) VALUES ("Research Center GZP", "3100068", "542348", "807220");
INSERT INTO Research_Center (Research_Center,ID_Organismou,Budget_from_Ministry,Budget_from_Individuals) VALUES ("Research Center WLJ", "3100071", "880344", "789757");
INSERT INTO Research_Center (Research_Center,ID_Organismou,Budget_from_Ministry,Budget_from_Individuals) VALUES ("Research Center AVY", "3100074", "470025", "948811");
INSERT INTO Research_Center (Research_Center,ID_Organismou,Budget_from_Ministry,Budget_from_Individuals) VALUES ("Research Center OTM", "3100077", "160173", "724888");
INSERT INTO Research_Center (Research_Center,ID_Organismou,Budget_from_Ministry,Budget_from_Individuals) VALUES ("Research Center QLK", "3100080", "147147", "404176");
INSERT INTO Research_Center (Research_Center,ID_Organismou,Budget_from_Ministry,Budget_from_Individuals) VALUES ("Research Center XYL", "3100083", "168881", "904000");
INSERT INTO Research_Center (Research_Center,ID_Organismou,Budget_from_Ministry,Budget_from_Individuals) VALUES ("Research Center GKO", "3100086", "488932", "983684");
INSERT INTO Research_Center (Research_Center,ID_Organismou,Budget_from_Ministry,Budget_from_Individuals) VALUES ("Research Center EJU", "3100089", "819242", "342784");
INSERT INTO Research_Center (Research_Center,ID_Organismou,Budget_from_Ministry,Budget_from_Individuals) VALUES ("Research Center JAG", "3100092", "592986", "881860");
INSERT INTO Research_Center (Research_Center,ID_Organismou,Budget_from_Ministry,Budget_from_Individuals) VALUES ("Research Center RSC", "3100095", "224295", "645969");
INSERT INTO Research_Center (Research_Center,ID_Organismou,Budget_from_Ministry,Budget_from_Individuals) VALUES ("Research Center UBE", "3100098", "534674", "565922");
INSERT INTO Company (Company,ID_Organismou,Own_Money) VALUES ("Company DZQ", "3100001", "320142");
INSERT INTO Company (Company,ID_Organismou,Own_Money) VALUES ("Company XMJ", "3100004", "1181874");
INSERT INTO Company (Company,ID_Organismou,Own_Money) VALUES ("Company JHL", "3100007", "357213");
INSERT INTO Company (Company,ID_Organismou,Own_Money) VALUES ("Company SLG", "3100010", "792759");
INSERT INTO Company (Company,ID_Organismou,Own_Money) VALUES ("Company NSH", "3100013", "748771");
INSERT INTO Company (Company,ID_Organismou,Own_Money) VALUES ("Company YZD", "3100016", "1380769");
INSERT INTO Company (Company,ID_Organismou,Own_Money) VALUES ("Company ZID", "3100019", "483772");
INSERT INTO Company (Company,ID_Organismou,Own_Money) VALUES ("Company VVJ", "3100022", "785406");
INSERT INTO Company (Company,ID_Organismou,Own_Money) VALUES ("Company POD", "3100025", "166942");
INSERT INTO Company (Company,ID_Organismou,Own_Money) VALUES ("Company ZFW", "3100028", "1721911");
INSERT INTO Company (Company,ID_Organismou,Own_Money) VALUES ("Company ZWC", "3100031", "369691");
INSERT INTO Company (Company,ID_Organismou,Own_Money) VALUES ("Company VPC", "3100034", "1317956");
INSERT INTO Company (Company,ID_Organismou,Own_Money) VALUES ("Company UEO", "3100037", "946380");
INSERT INTO Company (Company,ID_Organismou,Own_Money) VALUES ("Company YYL", "3100040", "803390");
INSERT INTO Company (Company,ID_Organismou,Own_Money) VALUES ("Company CDO", "3100043", "1626223");
INSERT INTO Company (Company,ID_Organismou,Own_Money) VALUES ("Company VYZ", "3100046", "1776691");
INSERT INTO Company (Company,ID_Organismou,Own_Money) VALUES ("Company EJZ", "3100049", "1834824");
INSERT INTO Company (Company,ID_Organismou,Own_Money) VALUES ("Company FUY", "3100052", "932087");
INSERT INTO Company (Company,ID_Organismou,Own_Money) VALUES ("Company THO", "3100055", "421888");
INSERT INTO Company (Company,ID_Organismou,Own_Money) VALUES ("Company AEC", "3100058", "1581301");
INSERT INTO Company (Company,ID_Organismou,Own_Money) VALUES ("Company NIT", "3100061", "1175792");
INSERT INTO Company (Company,ID_Organismou,Own_Money) VALUES ("Company UFR", "3100064", "1253771");
INSERT INTO Company (Company,ID_Organismou,Own_Money) VALUES ("Company SZA", "3100067", "1463092");
INSERT INTO Company (Company,ID_Organismou,Own_Money) VALUES ("Company UFY", "3100070", "1243004");
INSERT INTO Company (Company,ID_Organismou,Own_Money) VALUES ("Company TBJ", "3100073", "803879");
INSERT INTO Company (Company,ID_Organismou,Own_Money) VALUES ("Company XDA", "3100076", "1792333");
INSERT INTO Company (Company,ID_Organismou,Own_Money) VALUES ("Company VIQ", "3100079", "1893281");
INSERT INTO Company (Company,ID_Organismou,Own_Money) VALUES ("Company PJI", "3100082", "1942034");
INSERT INTO Company (Company,ID_Organismou,Own_Money) VALUES ("Company RQU", "3100085", "1582102");
INSERT INTO Company (Company,ID_Organismou,Own_Money) VALUES ("Company MQN", "3100088", "1575118");
INSERT INTO Company (Company,ID_Organismou,Own_Money) VALUES ("Company BNA", "3100091", "448023");
INSERT INTO Company (Company,ID_Organismou,Own_Money) VALUES ("Company OGE", "3100094", "631531");
INSERT INTO Company (Company,ID_Organismou,Own_Money) VALUES ("Company WGS", "3100097", "941356");
INSERT INTO Paradoteo (Title_Paradoteo,ID_Ergou,Perilipsi,Date_paradosis) VALUES ("Risk  wall  own  choose.", "3700000", "Research yard few teacher service term. Gun federal agent word forget. Life owner always sport must go feel.", "2023-02-13");
INSERT INTO Paradoteo (Title_Paradoteo,ID_Ergou,Perilipsi,Date_paradosis) VALUES ("Show  bank  any  goal.", "3700001", "Indicate money hard. Realize food explain political you building professor recognize.", "2022-08-05");
INSERT INTO Paradoteo (Title_Paradoteo,ID_Ergou,Perilipsi,Date_paradosis) VALUES ("Another  boy  ten  girl  turn.", "3700002", "Consider which apply thought gun scene probably. Serve agree financial know hundred.", "2022-08-06");
INSERT INTO Paradoteo (Title_Paradoteo,ID_Ergou,Perilipsi,Date_paradosis) VALUES ("Bring  back  compare  avoid  doctor.", "3700003", "Including walk interest analysis game news. Seek general she.", "2023-07-05");
INSERT INTO Paradoteo (Title_Paradoteo,ID_Ergou,Perilipsi,Date_paradosis) VALUES ("Scene  send  structure  leave.", "3700004", "Product huge picture must of. Speak they class experience trial house glass.", "2021-12-31");
INSERT INTO Paradoteo (Title_Paradoteo,ID_Ergou,Perilipsi,Date_paradosis) VALUES ("Event  training  world  religious.", "3700005", "Piece conference resource per relate entire. Stay method street inside figure several though.", "2021-01-24");
INSERT INTO Paradoteo (Title_Paradoteo,ID_Ergou,Perilipsi,Date_paradosis) VALUES ("Many  fire  agent  almost.", "3700006", "Sure time line song. Nearly star professor attack alone notice. Individual heart although stop.", "2021-04-03");
INSERT INTO Paradoteo (Title_Paradoteo,ID_Ergou,Perilipsi,Date_paradosis) VALUES ("Few  include  mind.", "3700007", "Generation result TV indicate store. Break house in bring then evening listen.", "2024-04-28");
INSERT INTO Paradoteo (Title_Paradoteo,ID_Ergou,Perilipsi,Date_paradosis) VALUES ("Front  share  entire.", "3700008", "Way city popular pattern participant. Garden letter shake prevent bar position.", "2022-05-02");
INSERT INTO Paradoteo (Title_Paradoteo,ID_Ergou,Perilipsi,Date_paradosis) VALUES ("Gun  idea  peace  down  laugh.", "3700009", "Beyond Mrs our college. Degree against decide whether wear decade. Conference actually their news special.", "2022-06-09");
INSERT INTO Paradoteo (Title_Paradoteo,ID_Ergou,Perilipsi,Date_paradosis) VALUES ("Off  short  and  age.", "3700010", "Message Mrs lead enough black notice able. Participant both loss employee value miss decade.", "2024-05-26");
INSERT INTO Paradoteo (Title_Paradoteo,ID_Ergou,Perilipsi,Date_paradosis) VALUES ("Pay  home  place  half  various.", "3700011", "Along how man child computer thing Democrat third. Because fight right reveal claim.", "2020-05-23");
INSERT INTO Paradoteo (Title_Paradoteo,ID_Ergou,Perilipsi,Date_paradosis) VALUES ("American  long  yard  southern  heavy.", "3700012", "Student little report personal. Herself quite TV care movie seem. Perform protect lay five.", "2021-10-06");
INSERT INTO Paradoteo (Title_Paradoteo,ID_Ergou,Perilipsi,Date_paradosis) VALUES ("Decade  its  sure  later.", "3700013", "Last account worry project every.
Republican black teach. Property box our.", "2021-11-23");
INSERT INTO Paradoteo (Title_Paradoteo,ID_Ergou,Perilipsi,Date_paradosis) VALUES ("Scene  fall  upon  authority  nation.", "3700014", "Similar home you yet or worry. Degree treatment culture finish travel method.", "2022-11-25");
INSERT INTO Paradoteo (Title_Paradoteo,ID_Ergou,Perilipsi,Date_paradosis) VALUES ("Build  per  compare  move  individual.", "3700015", "Above company quality man. Themselves begin end response of source.", "2021-11-27");
INSERT INTO Paradoteo (Title_Paradoteo,ID_Ergou,Perilipsi,Date_paradosis) VALUES ("Form  two  cover.", "3700016", "Issue wear find sign.
Our skin thing their. Among crime Democrat who. Military consumer follow.", "2022-10-24");
INSERT INTO Paradoteo (Title_Paradoteo,ID_Ergou,Perilipsi,Date_paradosis) VALUES ("Old  nature  eye  position.", "3700017", "Sport knowledge everybody. Her model number step above executive easy decision.", "2022-02-14");
INSERT INTO Paradoteo (Title_Paradoteo,ID_Ergou,Perilipsi,Date_paradosis) VALUES ("Who  step  avoid.", "3700018", "Not own should increase rise still place. Performance too thing defense according.", "2020-03-10");
INSERT INTO Paradoteo (Title_Paradoteo,ID_Ergou,Perilipsi,Date_paradosis) VALUES ("Defense  me  eye  mean.", "3700019", "Though tough deep recent. Form but sometimes relationship size everybody by.", "2022-02-18");
INSERT INTO Paradoteo (Title_Paradoteo,ID_Ergou,Perilipsi,Date_paradosis) VALUES ("Player  site  writer  if.", "3700020", "Seem western write tell. Significant speak respond thank without.", "2021-05-19");
INSERT INTO Paradoteo (Title_Paradoteo,ID_Ergou,Perilipsi,Date_paradosis) VALUES ("Draw  fly  together  series.", "3700021", "Entire mind one.", "2022-04-25");
INSERT INTO Paradoteo (Title_Paradoteo,ID_Ergou,Perilipsi,Date_paradosis) VALUES ("Party  heart  pattern  yes  hard  son.", "3700022", "Field home mean after ok yard necessary. Kid change article much media his.", "2021-06-29");
INSERT INTO Paradoteo (Title_Paradoteo,ID_Ergou,Perilipsi,Date_paradosis) VALUES ("Reflect  lot  president  woman.", "3700023", "Add decide under. Value once ten five indicate tough.", "2022-06-17");
INSERT INTO Paradoteo (Title_Paradoteo,ID_Ergou,Perilipsi,Date_paradosis) VALUES ("Station  long  country  science.", "3700024", "At tend author. Officer buy different fall pretty create. Image run raise suggest black face.", "2024-04-25");
INSERT INTO Paradoteo (Title_Paradoteo,ID_Ergou,Perilipsi,Date_paradosis) VALUES ("Yeah  machine  agency  gun.", "3700025", "Issue year land follow new realize through.", "2019-02-21");
INSERT INTO Paradoteo (Title_Paradoteo,ID_Ergou,Perilipsi,Date_paradosis) VALUES ("If  on  rise  wear  growth  four.", "3700026", "Agree back off popular. Tell north then protect choice bad.
Pretty set or.", "2021-11-09");
INSERT INTO Paradoteo (Title_Paradoteo,ID_Ergou,Perilipsi,Date_paradosis) VALUES ("Your  gun  leg  return  beautiful  off.", "3700027", "Performance crime certain read federal story. Important significant until would ball.", "2024-05-04");
INSERT INTO Paradoteo (Title_Paradoteo,ID_Ergou,Perilipsi,Date_paradosis) VALUES ("Last  once  list.", "3700028", "Whose approach claim. Will with factor power. Value style five hospital.", "2022-09-04");
INSERT INTO Paradoteo (Title_Paradoteo,ID_Ergou,Perilipsi,Date_paradosis) VALUES ("Appear  understand  once  way.", "3700029", "Mr poor thing trip kind even especially. Difficult start drive friend blood.", "2020-02-01");
INSERT INTO Paradoteo (Title_Paradoteo,ID_Ergou,Perilipsi,Date_paradosis) VALUES ("Behind  act  perhaps.", "3700030", "Story tonight these black push. Decade trade tend. Before town company.", "2022-06-09");
INSERT INTO Paradoteo (Title_Paradoteo,ID_Ergou,Perilipsi,Date_paradosis) VALUES ("Which  also  about  agree  half  item.", "3700031", "Lawyer include thank interest amount civil purpose.", "2020-12-14");
INSERT INTO Paradoteo (Title_Paradoteo,ID_Ergou,Perilipsi,Date_paradosis) VALUES ("Life  major  evening  enter  best.", "3700032", "Win big suggest girl side successful fly never. Court let out. She scene live sense throughout receive site.", "2021-07-02");
INSERT INTO Paradoteo (Title_Paradoteo,ID_Ergou,Perilipsi,Date_paradosis) VALUES ("Again  main  able  that  media  day.", "3700033", "Movie executive country explain. Discussion quite more sit million. Attention yes without fight.", "2022-02-04");
INSERT INTO Paradoteo (Title_Paradoteo,ID_Ergou,Perilipsi,Date_paradosis) VALUES ("Care  test  onto  represent  nation.", "3700034", "Network people indicate. Hour upon why religious behind society pull. Family design address week stop.", "2021-07-23");
INSERT INTO Paradoteo (Title_Paradoteo,ID_Ergou,Perilipsi,Date_paradosis) VALUES ("Finally  president  task  lead.", "3700035", "Until TV control pull almost modern decide. Pattern throughout within teacher support area leave friend.", "2022-10-24");
INSERT INTO Paradoteo (Title_Paradoteo,ID_Ergou,Perilipsi,Date_paradosis) VALUES ("Myself  writer  trouble  close  force.", "3700036", "Challenge hit relate break behavior. Theory treatment appear form others involve age yourself.", "2021-11-12");
INSERT INTO Paradoteo (Title_Paradoteo,ID_Ergou,Perilipsi,Date_paradosis) VALUES ("Front  long  develop  find  clearly.", "3700037", "Investment small tough occur any treat short. Heavy beat mind long student rather.", "2020-12-11");
INSERT INTO Paradoteo (Title_Paradoteo,ID_Ergou,Perilipsi,Date_paradosis) VALUES ("As  seven  quality  why  little  mean.", "3700038", "Find management right. Win too watch million challenge Mr. Same charge any onto.", "2022-08-12");
INSERT INTO Paradoteo (Title_Paradoteo,ID_Ergou,Perilipsi,Date_paradosis) VALUES ("Effort  finish  scene.", "3700039", "Quickly carry wind another heavy challenge much. Home bad easy north herself level. If history pass ground.", "2020-12-18");
INSERT INTO Paradoteo (Title_Paradoteo,ID_Ergou,Perilipsi,Date_paradosis) VALUES ("Health  senior  federal  face.", "3700040", "Though hope necessary nature list. Lawyer man customer.", "2021-12-30");
INSERT INTO Paradoteo (Title_Paradoteo,ID_Ergou,Perilipsi,Date_paradosis) VALUES ("Voice  health  local  accept  machine.", "3700041", "If along speak better so sometimes get.", "2022-04-26");
INSERT INTO Paradoteo (Title_Paradoteo,ID_Ergou,Perilipsi,Date_paradosis) VALUES ("Check  then  trial  their.", "3700042", "Second protect thing light future. For throughout nation job left television. Say even doctor.", "2023-09-25");
INSERT INTO Paradoteo (Title_Paradoteo,ID_Ergou,Perilipsi,Date_paradosis) VALUES ("Sea  term  partner  speech  plan.", "3700043", "Mention interest property born model building.", "2023-04-01");
INSERT INTO Paradoteo (Title_Paradoteo,ID_Ergou,Perilipsi,Date_paradosis) VALUES ("Evening  really  strong  risk  nor.", "3700044", "Rule risk according. Method what boy carry. Chance society general with perhaps.", "2020-01-19");
INSERT INTO Paradoteo (Title_Paradoteo,ID_Ergou,Perilipsi,Date_paradosis) VALUES ("Structure  single  treatment.", "3700045", "Discover outside travel activity federal. Fact her learn pass north.", "2023-02-10");
INSERT INTO Paradoteo (Title_Paradoteo,ID_Ergou,Perilipsi,Date_paradosis) VALUES ("Happy  run  into  key.", "3700046", "Teach character field address official. Red guy produce start law theory improve.", "2022-10-17");
INSERT INTO Paradoteo (Title_Paradoteo,ID_Ergou,Perilipsi,Date_paradosis) VALUES ("Congress  return  out  cup.", "3700047", "Out drive actually decade cell. Their affect anyone move.", "2022-03-21");
INSERT INTO Paradoteo (Title_Paradoteo,ID_Ergou,Perilipsi,Date_paradosis) VALUES ("Scene  edge  rule  we  plan  class.", "3700048", "Write hope government save. To too three eye.
Heart school industry director.", "2024-12-24");
INSERT INTO Paradoteo (Title_Paradoteo,ID_Ergou,Perilipsi,Date_paradosis) VALUES ("Involve  bring  pretty  almost.", "3700049", "Can pass boy. Relationship tend also society. Capital mention far sometimes purpose.", "2021-07-11");
INSERT INTO Paradoteo (Title_Paradoteo,ID_Ergou,Perilipsi,Date_paradosis) VALUES ("Say  relate  theory.", "3700050", "Lot task professional with name size suddenly. Become building whether future.", "2021-08-30");
INSERT INTO Paradoteo (Title_Paradoteo,ID_Ergou,Perilipsi,Date_paradosis) VALUES ("First  rock  family  from.", "3700051", "Alone far subject nearly later. Pattern who nearly wife write large. Firm find style sell class happy.", "2022-03-16");
INSERT INTO Paradoteo (Title_Paradoteo,ID_Ergou,Perilipsi,Date_paradosis) VALUES ("Market  weight  challenge  by.", "3700052", "Coach edge let of attorney. Program each play success hand why plant. You make dog success make.", "2022-07-12");
INSERT INTO Paradoteo (Title_Paradoteo,ID_Ergou,Perilipsi,Date_paradosis) VALUES ("Early  consider  later  wrong  bring.", "3700053", "Skin against no suddenly. Financial poor ready range few several. Wonder piece home spring industry.", "2022-04-26");
INSERT INTO Paradoteo (Title_Paradoteo,ID_Ergou,Perilipsi,Date_paradosis) VALUES ("Here  thank  avoid  fall  fall  rate.", "3700054", "Investment others attention poor do.
Beat information wait. None age guess detail.", "2020-12-14");
INSERT INTO Paradoteo (Title_Paradoteo,ID_Ergou,Perilipsi,Date_paradosis) VALUES ("Wear  agreement  attorney  safe  than.", "3700055", "Sing all him expect. New industry example up month once. Who message child quality study.", "2021-07-13");
INSERT INTO Paradoteo (Title_Paradoteo,ID_Ergou,Perilipsi,Date_paradosis) VALUES ("State  world  establish.", "3700056", "Book from true all. Value manage character however.", "2022-02-04");
INSERT INTO Paradoteo (Title_Paradoteo,ID_Ergou,Perilipsi,Date_paradosis) VALUES ("Thank  it  without.", "3700057", "Others fine body individual. Structure future on news save skill common successful.", "2022-07-04");
INSERT INTO Paradoteo (Title_Paradoteo,ID_Ergou,Perilipsi,Date_paradosis) VALUES ("Easy  in  student.", "3700058", "Look everyone practice single choose vote. Let decide unit key hear back.", "2022-05-05");
INSERT INTO Paradoteo (Title_Paradoteo,ID_Ergou,Perilipsi,Date_paradosis) VALUES ("South  drop  thank  player.", "3700059", "Street case science work think occur.
Program attention show effort.", "2020-06-26");
INSERT INTO Paradoteo (Title_Paradoteo,ID_Ergou,Perilipsi,Date_paradosis) VALUES ("No  follow  that  develop.", "3700060", "Camera necessary forget bill discover. Civil scene system water its manager.", "2022-01-26");
INSERT INTO Paradoteo (Title_Paradoteo,ID_Ergou,Perilipsi,Date_paradosis) VALUES ("Draw  economic  recognize  minute.", "3700061", "Two amount dream their guess month. Series ask story task official. Audience wish necessary soldier.", "2023-04-05");
INSERT INTO Paradoteo (Title_Paradoteo,ID_Ergou,Perilipsi,Date_paradosis) VALUES ("Upon  owner  word  type  last  color.", "3700062", "Fish news without exist develop.", "2020-06-11");
INSERT INTO Paradoteo (Title_Paradoteo,ID_Ergou,Perilipsi,Date_paradosis) VALUES ("Eye  performance  check  trial.", "3700063", "Table century send establish.", "2022-11-15");
INSERT INTO Paradoteo (Title_Paradoteo,ID_Ergou,Perilipsi,Date_paradosis) VALUES ("East  require  position.", "3700064", "Lawyer necessary hospital beat. Recognize professor other stop measure.", "2020-12-10");
INSERT INTO Paradoteo (Title_Paradoteo,ID_Ergou,Perilipsi,Date_paradosis) VALUES ("Quickly  produce  design  lead.", "3700065", "Candidate general teach call behavior affect school. Bed media American health.", "2022-12-05");
INSERT INTO Paradoteo (Title_Paradoteo,ID_Ergou,Perilipsi,Date_paradosis) VALUES ("Board  system  away  develop  worry.", "3700066", "Prepare technology early. Lawyer while nor able.", "2023-10-02");
INSERT INTO Paradoteo (Title_Paradoteo,ID_Ergou,Perilipsi,Date_paradosis) VALUES ("Shoulder  south  improve.", "3700067", "Out imagine right lose him key. Space friend sport news look PM race. Against technology court.", "2022-07-10");
INSERT INTO Paradoteo (Title_Paradoteo,ID_Ergou,Perilipsi,Date_paradosis) VALUES ("Speech  control  issue.", "3700068", "Away PM group account expert. Develop kitchen hand suddenly stage dark such. Within feel view.", "2022-07-28");
INSERT INTO Paradoteo (Title_Paradoteo,ID_Ergou,Perilipsi,Date_paradosis) VALUES ("East  fund  as  help.", "3700069", "Paper involve degree piece somebody. Industry where almost safe his law score.", "2023-03-01");
INSERT INTO Paradoteo (Title_Paradoteo,ID_Ergou,Perilipsi,Date_paradosis) VALUES ("Marriage  ball  mouth.", "3700070", "Reality join range government center.", "2023-12-21");
INSERT INTO Paradoteo (Title_Paradoteo,ID_Ergou,Perilipsi,Date_paradosis) VALUES ("Age  former  fill.", "3700071", "First modern meet popular style. Likely four safe travel write soldier energy.", "2021-04-09");
INSERT INTO Paradoteo (Title_Paradoteo,ID_Ergou,Perilipsi,Date_paradosis) VALUES ("Reveal  put  specific  sea  true.", "3700072", "Policy color health. Myself serve offer painting. Senior know themselves message woman.
Record decade wife.", "2023-06-10");
INSERT INTO Paradoteo (Title_Paradoteo,ID_Ergou,Perilipsi,Date_paradosis) VALUES ("Method  miss  set.", "3700073", "Need manager program better.", "2022-05-22");
INSERT INTO Paradoteo (Title_Paradoteo,ID_Ergou,Perilipsi,Date_paradosis) VALUES ("Let  country  sort  big  tough.", "3700074", "Eat ever establish run trip but.", "2022-04-23");
INSERT INTO Paradoteo (Title_Paradoteo,ID_Ergou,Perilipsi,Date_paradosis) VALUES ("Nor  everybody  fast  thousand.", "3700075", "Three buy threat little family north. Everybody nice particular compare scene among.", "2020-09-22");
INSERT INTO Paradoteo (Title_Paradoteo,ID_Ergou,Perilipsi,Date_paradosis) VALUES ("Begin  action  meet  plant  total.", "3700076", "Five set toward we condition police run. Play hair fill experience. Hour ask much worry suffer paper.", "2021-08-25");
INSERT INTO Paradoteo (Title_Paradoteo,ID_Ergou,Perilipsi,Date_paradosis) VALUES ("Or  poor  however.", "3700077", "Simple front body force data just miss customer. Act central nation understand agency ground record.", "2019-12-31");
INSERT INTO Paradoteo (Title_Paradoteo,ID_Ergou,Perilipsi,Date_paradosis) VALUES ("Usually  toward  wind  resource.", "3700078", "Involve bank goal statement dream. Trial newspaper various rich strong song.", "2020-04-10");
INSERT INTO Paradoteo (Title_Paradoteo,ID_Ergou,Perilipsi,Date_paradosis) VALUES ("Process  president  issue  source.", "3700079", "Sign religious environmental both. Discussion campaign know wall everything trial.", "2020-11-09");
INSERT INTO Paradoteo (Title_Paradoteo,ID_Ergou,Perilipsi,Date_paradosis) VALUES ("Race  visit  personal  interview.", "3700080", "Without from throw push training training. Parent executive magazine.", "2022-09-04");
INSERT INTO Paradoteo (Title_Paradoteo,ID_Ergou,Perilipsi,Date_paradosis) VALUES ("Ago  event  sort  per  behavior  upon.", "3700081", "Job same available. Major remember store price stage raise.", "2023-02-13");
INSERT INTO Paradoteo (Title_Paradoteo,ID_Ergou,Perilipsi,Date_paradosis) VALUES ("Kitchen  building  PM  policy  become.", "3700082", "Must high worker data. Try other himself least bring lose any.", "2019-05-11");
INSERT INTO Paradoteo (Title_Paradoteo,ID_Ergou,Perilipsi,Date_paradosis) VALUES ("Group  process  medical.", "3700083", "Front toward at specific animal arm enough. Should almost responsibility issue report.", "2022-10-14");
INSERT INTO Paradoteo (Title_Paradoteo,ID_Ergou,Perilipsi,Date_paradosis) VALUES ("Market  cost  guess  language.", "3700084", "Total oil best poor environmental. Perhaps probably husband tough own cold. Suddenly tree table smile.", "2022-06-23");
INSERT INTO Paradoteo (Title_Paradoteo,ID_Ergou,Perilipsi,Date_paradosis) VALUES ("Move  down  sea  quite  body.", "3700085", "Happen what the from figure. Sell wrong attack left employee.", "2021-02-09");
INSERT INTO Paradoteo (Title_Paradoteo,ID_Ergou,Perilipsi,Date_paradosis) VALUES ("Car  social  test  deal  evidence.", "3700086", "Story six read than sometimes thus. Something address own financial teacher specific.", "2022-07-06");
INSERT INTO Paradoteo (Title_Paradoteo,ID_Ergou,Perilipsi,Date_paradosis) VALUES ("Town  development  interview  lot.", "3700087", "Indicate may sometimes raise population. Manager artist usually make I plan carry husband.", "2020-11-18");
INSERT INTO Paradoteo (Title_Paradoteo,ID_Ergou,Perilipsi,Date_paradosis) VALUES ("Pull  mother  federal  language.", "3700088", "Both organization speak describe. Air service firm. Building statement industry old.", "2022-10-27");
INSERT INTO Paradoteo (Title_Paradoteo,ID_Ergou,Perilipsi,Date_paradosis) VALUES ("Sometimes  right  toward  easy.", "3700089", "Former nature list here.
Program region none leave. Stuff news rather crime size they.", "2021-09-23");
INSERT INTO Paradoteo (Title_Paradoteo,ID_Ergou,Perilipsi,Date_paradosis) VALUES ("Report  create  song  up  national.", "3700090", "Home trip say low wife. Table also dinner fast specific table.", "2020-12-15");
INSERT INTO Paradoteo (Title_Paradoteo,ID_Ergou,Perilipsi,Date_paradosis) VALUES ("Debate  sense  determine  statement.", "3700091", "Individual place war respond budget mouth popular. Unit relationship seem hard she sometimes.", "2024-01-12");
INSERT INTO Paradoteo (Title_Paradoteo,ID_Ergou,Perilipsi,Date_paradosis) VALUES ("Ability  huge  away  risk.", "3700092", "System usually relate send moment consider school. That method wear color standard goal second.", "2023-05-02");
INSERT INTO Paradoteo (Title_Paradoteo,ID_Ergou,Perilipsi,Date_paradosis) VALUES ("Everything  few  tax  partner.", "3700093", "Mean little possible catch. Teach language politics garden require actually.", "2020-10-16");
INSERT INTO Paradoteo (Title_Paradoteo,ID_Ergou,Perilipsi,Date_paradosis) VALUES ("They  why  draw  relationship.", "3700094", "Show popular occur operation would fact. On professor current apply perform article. While area around place.", "2019-05-27");
INSERT INTO Paradoteo (Title_Paradoteo,ID_Ergou,Perilipsi,Date_paradosis) VALUES ("Charge  action  letter  citizen.", "3700095", "Member perhaps parent small whether. Happen charge travel available when thing threat type.", "2021-10-24");
INSERT INTO Paradoteo (Title_Paradoteo,ID_Ergou,Perilipsi,Date_paradosis) VALUES ("Thus  share  study.", "3700096", "Traditional member college truth Mrs. Hard do require safe market sell.", "2022-03-05");
INSERT INTO Paradoteo (Title_Paradoteo,ID_Ergou,Perilipsi,Date_paradosis) VALUES ("Exist  gas  pretty.", "3700097", "Wife cold customer stay full. That conference face the tell create.", "2023-11-04");
INSERT INTO Paradoteo (Title_Paradoteo,ID_Ergou,Perilipsi,Date_paradosis) VALUES ("Base  small  bag  head.", "3700098", "Prepare try study take quickly agree surface. Tough early course affect. Matter keep theory.", "2020-08-29");
INSERT INTO Paradoteo (Title_Paradoteo,ID_Ergou,Perilipsi,Date_paradosis) VALUES ("Beat  major  military  ready.", "3700099", "Fear itself not cost. Per there quality. Style great at significant.", "2021-10-05");
INSERT INTO Works_On (ID_Ereuniti,ID_Ergou,Enarxi_enasxolisis) VALUES ("6100034", "3700000", "2023-06-14");
INSERT INTO Works_On (ID_Ereuniti,ID_Ergou,Enarxi_enasxolisis) VALUES ("6100111", "3700001", "2022-07-30");
INSERT INTO Works_On (ID_Ereuniti,ID_Ergou,Enarxi_enasxolisis) VALUES ("6100114", "3700002", "2022-02-19");
INSERT INTO Works_On (ID_Ereuniti,ID_Ergou,Enarxi_enasxolisis) VALUES ("6100007", "3700003", "2023-06-30");
INSERT INTO Works_On (ID_Ereuniti,ID_Ergou,Enarxi_enasxolisis) VALUES ("6100062", "3700004", "2021-07-19");
INSERT INTO Works_On (ID_Ereuniti,ID_Ergou,Enarxi_enasxolisis) VALUES ("6100032", "3700005", "2020-10-05");
INSERT INTO Works_On (ID_Ereuniti,ID_Ergou,Enarxi_enasxolisis) VALUES ("6100115", "3700006", "2020-10-14");
INSERT INTO Works_On (ID_Ereuniti,ID_Ergou,Enarxi_enasxolisis) VALUES ("6100093", "3700007", "2024-06-04");
INSERT INTO Works_On (ID_Ereuniti,ID_Ergou,Enarxi_enasxolisis) VALUES ("6100056", "3700008", "2022-10-03");
INSERT INTO Works_On (ID_Ereuniti,ID_Ergou,Enarxi_enasxolisis) VALUES ("6100079", "3700009", "2021-06-04");
INSERT INTO Works_On (ID_Ereuniti,ID_Ergou,Enarxi_enasxolisis) VALUES ("6100012", "3700010", "2023-09-02");
INSERT INTO Works_On (ID_Ereuniti,ID_Ergou,Enarxi_enasxolisis) VALUES ("6100010", "3700011", "2020-11-28");
INSERT INTO Works_On (ID_Ereuniti,ID_Ergou,Enarxi_enasxolisis) VALUES ("6100071", "3700014", "2024-11-18");
INSERT INTO Works_On (ID_Ereuniti,ID_Ergou,Enarxi_enasxolisis) VALUES ("6100020", "3700015", "2019-11-25");
INSERT INTO Works_On (ID_Ereuniti,ID_Ergou,Enarxi_enasxolisis) VALUES ("6100065", "3700017", "2022-02-18");
INSERT INTO Works_On (ID_Ereuniti,ID_Ergou,Enarxi_enasxolisis) VALUES ("6100017", "3700019", "2020-11-28");
INSERT INTO Works_On (ID_Ereuniti,ID_Ergou,Enarxi_enasxolisis) VALUES ("6100001", "3700020", "2020-10-11");
INSERT INTO Works_On (ID_Ereuniti,ID_Ergou,Enarxi_enasxolisis) VALUES ("6100049", "3700021", "2022-05-26");
INSERT INTO Works_On (ID_Ereuniti,ID_Ergou,Enarxi_enasxolisis) VALUES ("6100071", "3700022", "2022-04-10");
INSERT INTO Works_On (ID_Ereuniti,ID_Ergou,Enarxi_enasxolisis) VALUES ("6100114", "3700023", "2023-10-26");
INSERT INTO Works_On (ID_Ereuniti,ID_Ergou,Enarxi_enasxolisis) VALUES ("6100062", "3700024", "2023-06-16");
INSERT INTO Works_On (ID_Ereuniti,ID_Ergou,Enarxi_enasxolisis) VALUES ("6100065", "3700026", "2021-06-01");
INSERT INTO Works_On (ID_Ereuniti,ID_Ergou,Enarxi_enasxolisis) VALUES ("6100035", "3700028", "2022-09-14");
INSERT INTO Works_On (ID_Ereuniti,ID_Ergou,Enarxi_enasxolisis) VALUES ("6100105", "3700029", "2022-06-22");
INSERT INTO Works_On (ID_Ereuniti,ID_Ergou,Enarxi_enasxolisis) VALUES ("6100045", "3700030", "2020-09-18");
INSERT INTO Works_On (ID_Ereuniti,ID_Ergou,Enarxi_enasxolisis) VALUES ("6100091", "3700031", "2021-05-16");
INSERT INTO Works_On (ID_Ereuniti,ID_Ergou,Enarxi_enasxolisis) VALUES ("6100066", "3700032", "2022-05-26");
INSERT INTO Works_On (ID_Ereuniti,ID_Ergou,Enarxi_enasxolisis) VALUES ("6100049", "3700033", "2022-01-11");
INSERT INTO Works_On (ID_Ereuniti,ID_Ergou,Enarxi_enasxolisis) VALUES ("6100014", "3700034", "2022-03-27");
INSERT INTO Works_On (ID_Ereuniti,ID_Ergou,Enarxi_enasxolisis) VALUES ("6100092", "3700035", "2021-01-30");
INSERT INTO Works_On (ID_Ereuniti,ID_Ergou,Enarxi_enasxolisis) VALUES ("6100031", "3700039", "2021-06-12");
INSERT INTO Works_On (ID_Ereuniti,ID_Ergou,Enarxi_enasxolisis) VALUES ("6100045", "3700040", "2022-06-23");
INSERT INTO Works_On (ID_Ereuniti,ID_Ergou,Enarxi_enasxolisis) VALUES ("6100062", "3700041", "2022-05-10");
INSERT INTO Works_On (ID_Ereuniti,ID_Ergou,Enarxi_enasxolisis) VALUES ("6100014", "3700043", "2023-03-17");
INSERT INTO Works_On (ID_Ereuniti,ID_Ergou,Enarxi_enasxolisis) VALUES ("6100060", "3700045", "2021-10-10");
INSERT INTO Works_On (ID_Ereuniti,ID_Ergou,Enarxi_enasxolisis) VALUES ("6100034", "3700046", "2022-06-27");
INSERT INTO Works_On (ID_Ereuniti,ID_Ergou,Enarxi_enasxolisis) VALUES ("6100087", "3700048", "2024-02-03");
INSERT INTO Works_On (ID_Ereuniti,ID_Ergou,Enarxi_enasxolisis) VALUES ("6100014", "3700050", "2020-10-21");
INSERT INTO Works_On (ID_Ereuniti,ID_Ergou,Enarxi_enasxolisis) VALUES ("6100067", "3700052", "2022-03-19");
INSERT INTO Works_On (ID_Ereuniti,ID_Ergou,Enarxi_enasxolisis) VALUES ("6100091", "3700054", "2020-11-05");
INSERT INTO Works_On (ID_Ereuniti,ID_Ergou,Enarxi_enasxolisis) VALUES ("6100034", "3700055", "2020-07-25");
INSERT INTO Works_On (ID_Ereuniti,ID_Ergou,Enarxi_enasxolisis) VALUES ("6100037", "3700056", "2023-04-25");
INSERT INTO Works_On (ID_Ereuniti,ID_Ergou,Enarxi_enasxolisis) VALUES ("6100110", "3700057", "2022-09-17");
INSERT INTO Works_On (ID_Ereuniti,ID_Ergou,Enarxi_enasxolisis) VALUES ("6100116", "3700058", "2021-11-19");
INSERT INTO Works_On (ID_Ereuniti,ID_Ergou,Enarxi_enasxolisis) VALUES ("6100062", "3700059", "2021-02-28");
INSERT INTO Works_On (ID_Ereuniti,ID_Ergou,Enarxi_enasxolisis) VALUES ("6100004", "3700060", "2022-02-16");
INSERT INTO Works_On (ID_Ereuniti,ID_Ergou,Enarxi_enasxolisis) VALUES ("6100026", "3700061", "2022-03-02");
INSERT INTO Works_On (ID_Ereuniti,ID_Ergou,Enarxi_enasxolisis) VALUES ("6100020", "3700062", "2022-03-17");
INSERT INTO Works_On (ID_Ereuniti,ID_Ergou,Enarxi_enasxolisis) VALUES ("6100045", "3700065", "2024-01-15");
INSERT INTO Works_On (ID_Ereuniti,ID_Ergou,Enarxi_enasxolisis) VALUES ("6100069", "3700068", "2022-09-15");
INSERT INTO Works_On (ID_Ereuniti,ID_Ergou,Enarxi_enasxolisis) VALUES ("6100012", "3700070", "2023-04-06");
INSERT INTO Works_On (ID_Ereuniti,ID_Ergou,Enarxi_enasxolisis) VALUES ("6100046", "3700071", "2021-08-23");
INSERT INTO Works_On (ID_Ereuniti,ID_Ergou,Enarxi_enasxolisis) VALUES ("6100034", "3700072", "2025-01-23");
INSERT INTO Works_On (ID_Ereuniti,ID_Ergou,Enarxi_enasxolisis) VALUES ("6100002", "3700073", "2021-06-11");
INSERT INTO Works_On (ID_Ereuniti,ID_Ergou,Enarxi_enasxolisis) VALUES ("6100098", "3700074", "2022-10-24");
INSERT INTO Works_On (ID_Ereuniti,ID_Ergou,Enarxi_enasxolisis) VALUES ("6100062", "3700075", "2023-09-09");
INSERT INTO Works_On (ID_Ereuniti,ID_Ergou,Enarxi_enasxolisis) VALUES ("6100066", "3700076", "2021-01-23");
INSERT INTO Works_On (ID_Ereuniti,ID_Ergou,Enarxi_enasxolisis) VALUES ("6100007", "3700078", "2021-04-23");
INSERT INTO Works_On (ID_Ereuniti,ID_Ergou,Enarxi_enasxolisis) VALUES ("6100088", "3700080", "2021-05-07");
INSERT INTO Works_On (ID_Ereuniti,ID_Ergou,Enarxi_enasxolisis) VALUES ("6100000", "3700081", "2023-07-04");
INSERT INTO Works_On (ID_Ereuniti,ID_Ergou,Enarxi_enasxolisis) VALUES ("6100092", "3700082", "2021-03-04");
INSERT INTO Works_On (ID_Ereuniti,ID_Ergou,Enarxi_enasxolisis) VALUES ("6100031", "3700083", "2021-05-22");
INSERT INTO Works_On (ID_Ereuniti,ID_Ergou,Enarxi_enasxolisis) VALUES ("6100110", "3700085", "2021-02-02");
INSERT INTO Works_On (ID_Ereuniti,ID_Ergou,Enarxi_enasxolisis) VALUES ("6100006", "3700086", "2022-01-11");
INSERT INTO Works_On (ID_Ereuniti,ID_Ergou,Enarxi_enasxolisis) VALUES ("6100032", "3700088", "2022-10-15");
INSERT INTO Works_On (ID_Ereuniti,ID_Ergou,Enarxi_enasxolisis) VALUES ("6100109", "3700089", "2021-10-08");
INSERT INTO Works_On (ID_Ereuniti,ID_Ergou,Enarxi_enasxolisis) VALUES ("6100017", "3700090", "2021-10-08");
INSERT INTO Works_On (ID_Ereuniti,ID_Ergou,Enarxi_enasxolisis) VALUES ("6100091", "3700091", "2023-10-23");
INSERT INTO Works_On (ID_Ereuniti,ID_Ergou,Enarxi_enasxolisis) VALUES ("6100048", "3700092", "2022-02-16");
INSERT INTO Works_On (ID_Ereuniti,ID_Ergou,Enarxi_enasxolisis) VALUES ("6100069", "3700093", "2021-01-22");
INSERT INTO Works_On (ID_Ereuniti,ID_Ergou,Enarxi_enasxolisis) VALUES ("6100056", "3700094", "2020-06-27");
INSERT INTO Works_On (ID_Ereuniti,ID_Ergou,Enarxi_enasxolisis) VALUES ("6100062", "3700095", "2022-07-10");
INSERT INTO Works_On (ID_Ereuniti,ID_Ergou,Enarxi_enasxolisis) VALUES ("6100009", "3700097", "2024-02-08");
INSERT INTO Works_On (ID_Ereuniti,ID_Ergou,Enarxi_enasxolisis) VALUES ("6100020", "3700098", "2021-08-21");
INSERT INTO Phones (ID_Organismou,Phone_Numbers) VALUES ("3100000", "2413757752");
INSERT INTO Phones (ID_Organismou,Phone_Numbers) VALUES ("3100001", "2679354362 2150256567");
INSERT INTO Phones (ID_Organismou,Phone_Numbers) VALUES ("3100002", "2401493585 2710777183 2104942250");
INSERT INTO Phones (ID_Organismou,Phone_Numbers) VALUES ("3100003", "2220900870");
INSERT INTO Phones (ID_Organismou,Phone_Numbers) VALUES ("3100004", "2112337805");
INSERT INTO Phones (ID_Organismou,Phone_Numbers) VALUES ("3100005", "2201045067");
INSERT INTO Phones (ID_Organismou,Phone_Numbers) VALUES ("3100006", "2481516527 2365715564");
INSERT INTO Phones (ID_Organismou,Phone_Numbers) VALUES ("3100007", "2513393554 2601472730");
INSERT INTO Phones (ID_Organismou,Phone_Numbers) VALUES ("3100008", "2142407359");
INSERT INTO Phones (ID_Organismou,Phone_Numbers) VALUES ("3100009", "2282425166 2811919012");
INSERT INTO Phones (ID_Organismou,Phone_Numbers) VALUES ("3100010", "2476165719 2688667229 2407015068");
INSERT INTO Phones (ID_Organismou,Phone_Numbers) VALUES ("3100011", "2226915865 2270859560");
INSERT INTO Phones (ID_Organismou,Phone_Numbers) VALUES ("3100012", "2601404723 2552374560");
INSERT INTO Phones (ID_Organismou,Phone_Numbers) VALUES ("3100013", "2210369348");
INSERT INTO Phones (ID_Organismou,Phone_Numbers) VALUES ("3100014", "2442394039 2513460708 2111015651");
INSERT INTO Phones (ID_Organismou,Phone_Numbers) VALUES ("3100015", "2329256260 2441771009");
INSERT INTO Phones (ID_Organismou,Phone_Numbers) VALUES ("3100016", "2683276888 2658260489");
INSERT INTO Phones (ID_Organismou,Phone_Numbers) VALUES ("3100017", "2237003403 2537146642 2617049128");
INSERT INTO Phones (ID_Organismou,Phone_Numbers) VALUES ("3100018", "2546482368 2198783498");
INSERT INTO Phones (ID_Organismou,Phone_Numbers) VALUES ("3100019", "2564566474");
INSERT INTO Phones (ID_Organismou,Phone_Numbers) VALUES ("3100020", "2765889106 2490241571");
INSERT INTO Phones (ID_Organismou,Phone_Numbers) VALUES ("3100021", "2545631234 2588113178 2716112056");
INSERT INTO Phones (ID_Organismou,Phone_Numbers) VALUES ("3100022", "2193686004 2770479333 2391793677");
INSERT INTO Phones (ID_Organismou,Phone_Numbers) VALUES ("3100023", "2442012969 2126422192 2434089751");
INSERT INTO Phones (ID_Organismou,Phone_Numbers) VALUES ("3100024", "2121254308 2433905873");
INSERT INTO Phones (ID_Organismou,Phone_Numbers) VALUES ("3100025", "2378840226 2471042603 2232683839");
INSERT INTO Phones (ID_Organismou,Phone_Numbers) VALUES ("3100026", "2471025886 2615748001 2659355335");
INSERT INTO Phones (ID_Organismou,Phone_Numbers) VALUES ("3100027", "2420463760 2357129630");
INSERT INTO Phones (ID_Organismou,Phone_Numbers) VALUES ("3100028", "2365959005 2568696179 2611549391");
INSERT INTO Phones (ID_Organismou,Phone_Numbers) VALUES ("3100029", "2121053498 2490288853 2158724382");
INSERT INTO Phones (ID_Organismou,Phone_Numbers) VALUES ("3100030", "2231394414 2328642367");
INSERT INTO Phones (ID_Organismou,Phone_Numbers) VALUES ("3100031", "2574803908 2737817818 2527122593");
INSERT INTO Phones (ID_Organismou,Phone_Numbers) VALUES ("3100032", "2673278849");
INSERT INTO Phones (ID_Organismou,Phone_Numbers) VALUES ("3100033", "2818212509 2455546874 2634235064");
INSERT INTO Phones (ID_Organismou,Phone_Numbers) VALUES ("3100034", "2764612487");
INSERT INTO Phones (ID_Organismou,Phone_Numbers) VALUES ("3100035", "2635114727");
INSERT INTO Phones (ID_Organismou,Phone_Numbers) VALUES ("3100036", "2407986637 2106595907");
INSERT INTO Phones (ID_Organismou,Phone_Numbers) VALUES ("3100037", "2638679859");
INSERT INTO Phones (ID_Organismou,Phone_Numbers) VALUES ("3100038", "2331611968");
INSERT INTO Phones (ID_Organismou,Phone_Numbers) VALUES ("3100039", "2573422026 2673127924");
INSERT INTO Phones (ID_Organismou,Phone_Numbers) VALUES ("3100040", "2387202742 2559383301 2343827168");
INSERT INTO Phones (ID_Organismou,Phone_Numbers) VALUES ("3100041", "2307894259 2712984878");
INSERT INTO Phones (ID_Organismou,Phone_Numbers) VALUES ("3100042", "2551504363");
INSERT INTO Phones (ID_Organismou,Phone_Numbers) VALUES ("3100043", "2606628602");
INSERT INTO Phones (ID_Organismou,Phone_Numbers) VALUES ("3100044", "2210648021");
INSERT INTO Phones (ID_Organismou,Phone_Numbers) VALUES ("3100045", "2288236515 2147622904");
INSERT INTO Phones (ID_Organismou,Phone_Numbers) VALUES ("3100046", "2497742997 2334314037");
INSERT INTO Phones (ID_Organismou,Phone_Numbers) VALUES ("3100047", "2481655514 2426541613 2348265080");
INSERT INTO Phones (ID_Organismou,Phone_Numbers) VALUES ("3100048", "2461752501");
INSERT INTO Phones (ID_Organismou,Phone_Numbers) VALUES ("3100049", "2122544919 2550657478 2396064429");
INSERT INTO Phones (ID_Organismou,Phone_Numbers) VALUES ("3100050", "2142513936");
INSERT INTO Phones (ID_Organismou,Phone_Numbers) VALUES ("3100051", "2701375123");
INSERT INTO Phones (ID_Organismou,Phone_Numbers) VALUES ("3100052", "2220887642 2741553725 2150125625");
INSERT INTO Phones (ID_Organismou,Phone_Numbers) VALUES ("3100053", "2685823340 2616359088");
INSERT INTO Phones (ID_Organismou,Phone_Numbers) VALUES ("3100054", "2739680146");
INSERT INTO Phones (ID_Organismou,Phone_Numbers) VALUES ("3100055", "2273866452");
INSERT INTO Phones (ID_Organismou,Phone_Numbers) VALUES ("3100056", "2407497499 2497192593 2595800030");
INSERT INTO Phones (ID_Organismou,Phone_Numbers) VALUES ("3100057", "2243641752 2801904034 2261769315");
INSERT INTO Phones (ID_Organismou,Phone_Numbers) VALUES ("3100058", "2715263576 2411542619 2412613930");
INSERT INTO Phones (ID_Organismou,Phone_Numbers) VALUES ("3100059", "2206374332");
INSERT INTO Phones (ID_Organismou,Phone_Numbers) VALUES ("3100060", "2533351265 2196899606");
INSERT INTO Phones (ID_Organismou,Phone_Numbers) VALUES ("3100061", "2720338044");
INSERT INTO Phones (ID_Organismou,Phone_Numbers) VALUES ("3100062", "2301349213");
INSERT INTO Phones (ID_Organismou,Phone_Numbers) VALUES ("3100063", "2772729851 2357020642 2794732227");
INSERT INTO Phones (ID_Organismou,Phone_Numbers) VALUES ("3100064", "2708469792");
INSERT INTO Phones (ID_Organismou,Phone_Numbers) VALUES ("3100065", "2175400018 2321210345 2733895883");
INSERT INTO Phones (ID_Organismou,Phone_Numbers) VALUES ("3100066", "2140132931");
INSERT INTO Phones (ID_Organismou,Phone_Numbers) VALUES ("3100067", "2689047859");
INSERT INTO Phones (ID_Organismou,Phone_Numbers) VALUES ("3100068", "2629496143 2361445704");
INSERT INTO Phones (ID_Organismou,Phone_Numbers) VALUES ("3100069", "2308174234 2662708749 2143993086");
INSERT INTO Phones (ID_Organismou,Phone_Numbers) VALUES ("3100070", "2124227318 2106598427");
INSERT INTO Phones (ID_Organismou,Phone_Numbers) VALUES ("3100071", "2355396338");
INSERT INTO Phones (ID_Organismou,Phone_Numbers) VALUES ("3100072", "2379355151 2662854946 2486615791");
INSERT INTO Phones (ID_Organismou,Phone_Numbers) VALUES ("3100073", "2415617426");
INSERT INTO Phones (ID_Organismou,Phone_Numbers) VALUES ("3100074", "2157381724 2205087299 2361177545");
INSERT INTO Phones (ID_Organismou,Phone_Numbers) VALUES ("3100075", "2325643351");
INSERT INTO Phones (ID_Organismou,Phone_Numbers) VALUES ("3100076", "2255739014");
INSERT INTO Phones (ID_Organismou,Phone_Numbers) VALUES ("3100077", "2760542029 2334180505 2443983093");
INSERT INTO Phones (ID_Organismou,Phone_Numbers) VALUES ("3100078", "2363973141");
INSERT INTO Phones (ID_Organismou,Phone_Numbers) VALUES ("3100079", "2392817747 2217254544 2731744927");
INSERT INTO Phones (ID_Organismou,Phone_Numbers) VALUES ("3100080", "2365348263 2168989507");
INSERT INTO Phones (ID_Organismou,Phone_Numbers) VALUES ("3100081", "2610284156 2396743420");
INSERT INTO Phones (ID_Organismou,Phone_Numbers) VALUES ("3100082", "2522274597 2172227853 2450319495");
INSERT INTO Phones (ID_Organismou,Phone_Numbers) VALUES ("3100083", "2652414616");
INSERT INTO Phones (ID_Organismou,Phone_Numbers) VALUES ("3100084", "2520567416 2315401710");
INSERT INTO Phones (ID_Organismou,Phone_Numbers) VALUES ("3100085", "2566382686 2149565072");
INSERT INTO Phones (ID_Organismou,Phone_Numbers) VALUES ("3100086", "2112640613");
INSERT INTO Phones (ID_Organismou,Phone_Numbers) VALUES ("3100087", "2738636204 2342341217 2124031891");
INSERT INTO Phones (ID_Organismou,Phone_Numbers) VALUES ("3100088", "2808194846 2619221642");
INSERT INTO Phones (ID_Organismou,Phone_Numbers) VALUES ("3100089", "2145949218");
INSERT INTO Phones (ID_Organismou,Phone_Numbers) VALUES ("3100090", "2672425892");
INSERT INTO Phones (ID_Organismou,Phone_Numbers) VALUES ("3100091", "2152862574");
INSERT INTO Phones (ID_Organismou,Phone_Numbers) VALUES ("3100092", "2581937889");
INSERT INTO Phones (ID_Organismou,Phone_Numbers) VALUES ("3100093", "2801969961");
INSERT INTO Phones (ID_Organismou,Phone_Numbers) VALUES ("3100094", "2699683642 2456292720");
INSERT INTO Phones (ID_Organismou,Phone_Numbers) VALUES ("3100095", "2655018458 2594050873");
INSERT INTO Phones (ID_Organismou,Phone_Numbers) VALUES ("3100096", "2577498297");
INSERT INTO Phones (ID_Organismou,Phone_Numbers) VALUES ("3100097", "2328063452");
INSERT INTO Phones (ID_Organismou,Phone_Numbers) VALUES ("3100098", "2139307926 2492675883");
INSERT INTO Phones (ID_Organismou,Phone_Numbers) VALUES ("3100099", "2536097486");
